측정일,평균유속(m/s),SSC(mg/L)
2026-08-02 00:00:00,0.013400,
2026-08-02 00:10:00,0.013100,
2026-08-02 00:20:00,0.010300,
2026-08-02 00:30:00,0.011600,
2026-08-02 00:40:00,0.010500,
2026-08-02 00:50:00,0.011900,
2026-08-02 01:00:00,0.010600,
2026-08-02 01:10:00,0.005900,
2026-08-02 01:20:00,0.011400,
2026-08-02 01:30:00,0.010500,
2026-08-02 01:40:00,0.013200,
2026-08-02 01:50:00,0.008700,
2026-08-02 02:00:00,0.013500,
2026-08-02 02:10:00,0.012100,
2026-08-02 02:20:00,0.008200,
2026-08-02 02:30:00,0.010300,
2026-08-02 02:40:00,0.009600,
2026-08-02 02:50:00,0.010700,
2026-08-02 03:00:00,0.008900,
2026-08-02 03:10:00,0.013000,
2026-08-02 03:20:00,0.009000,
2026-08-02 03:30:00,0.013800,
2026-08-02 03:40:00,0.012800,
2026-08-02 03:50:00,0.011600,
2026-08-02 04:00:00,0.010000,
2026-08-02 04:10:00,0.007100,
2026-08-02 04:20:00,0.006300,
2026-08-02 04:30:00,0.005900,
2026-08-02 04:40:00,0.006500,
2026-08-02 04:50:00,0.004300,
2026-08-02 05:00:00,0.001100,
2026-08-02 05:10:00,0.009400,
2026-08-02 05:20:00,0.004700,
2026-08-02 05:30:00,0.002300,
2026-08-02 05:40:00,0.003900,235124.348814
2026-08-02 05:50:00,-0.001100,
2026-08-02 06:00:00,-0.000400,
2026-08-02 06:10:00,0.000100,436563.684123
2026-08-02 06:20:00,0.002800,164076.961847
2026-08-02 06:30:00,0.006300,
2026-08-02 06:40:00,0.005700,
2026-08-02 06:50:00,0.008000,
2026-08-02 07:00:00,0.003200,
2026-08-02 07:10:00,0.008900,186765.908934
2026-08-02 07:20:00,0.004800,1112493.816537
2026-08-02 07:30:00,0.006900,
2026-08-02 07:40:00,-0.001900,176318.387648
2026-08-02 07:50:00,0.006700,367322.562840
2026-08-02 08:00:00,0.006400,249517.637756
2026-08-02 08:10:00,0.008900,936046.892345
2026-08-02 08:20:00,0.007700,259279.342592
2026-08-02 08:30:00,-0.002900,128706.728131
2026-08-02 08:40:00,0.000500,156306.216278
2026-08-02 08:50:00,0.002500,262939.182210
2026-08-02 09:00:00,0.006000,625601.247058
2026-08-02 09:10:00,0.002000,160100.584281
2026-08-02 09:20:00,0.001200,221850.076868
2026-08-02 09:30:00,0.000500,193521.984032
2026-08-02 09:40:00,-0.005600,172973.792624
2026-08-02 09:50:00,0.003700,155185.539436
2026-08-02 10:00:00,-0.000600,367688.720956
2026-08-02 10:10:00,-0.000700,114069.472730
2026-08-02 10:20:00,-0.002400,268290.508041
2026-08-02 10:30:00,-0.001900,154691.458029
2026-08-02 10:40:00,-0.000500,162738.437691
2026-08-02 10:50:00,0.015000,834252.670939
2026-08-02 11:00:00,0.004000,147800.079006
2026-08-02 11:10:00,0.004500,135515.647889
2026-08-02 11:20:00,0.004300,105929.834050
2026-08-02 11:30:00,0.005100,120912.225545
2026-08-02 11:40:00,0.003100,
2026-08-02 11:50:00,-0.000400,183910.029879
2026-08-02 12:00:00,-0.000100,119427.795266
2026-08-02 12:10:00,0.002900,145320.905781
2026-08-02 12:20:00,-0.006700,133578.128418
2026-08-02 12:30:00,-0.003800,132006.168319
2026-08-02 12:40:00,0.003700,
2026-08-02 12:50:00,0.000600,1788741.593638
2026-08-02 13:00:00,-0.002700,228453.389404
2026-08-02 13:10:00,0.002100,496932.734217
2026-08-02 13:20:00,0.003200,1420847.952452
2026-08-02 13:30:00,0.001500,
2026-08-02 13:40:00,0.005500,
2026-08-02 13:50:00,-0.000600,
2026-08-02 14:00:00,-0.002800,1737991.330527
2026-08-02 14:10:00,0.001300,103492.392431
2026-08-02 14:20:00,0.000100,732904.867072
2026-08-02 14:30:00,-0.002000,3135433.583665
2026-08-02 14:40:00,0.002700,162682.685472
2026-08-02 14:50:00,-0.001700,
2026-08-02 15:00:00,0.005700,
2026-08-02 15:10:00,0.002900,
2026-08-02 15:20:00,0.000900,
2026-08-02 15:30:00,0.000900,
2026-08-02 15:40:00,0.000200,
2026-08-02 15:50:00,0.005800,
2026-08-02 16:00:00,0.010000,
2026-08-02 16:10:00,0.003800,
2026-08-02 16:20:00,0.003800,
2026-08-02 16:30:00,0.001500,
2026-08-02 16:40:00,0.003000,233995.359301
2026-08-02 16:50:00,0.005600,243566.726135
2026-08-02 17:00:00,0.021100,
2026-08-02 17:10:00,0.023000,
2026-08-02 17:20:00,0.020100,
2026-08-02 17:30:00,0.021500,
2026-08-02 17:40:00,0.016100,
2026-08-02 17:50:00,0.007400,2256063.141043
2026-08-02 18:00:00,0.004100,1305723.589351
2026-08-02 18:10:00,-0.002900,1035255.641377
2026-08-02 18:20:00,-0.001800,732904.867072
2026-08-02 18:30:00,0.001200,1230403.635743
2026-08-02 18:40:00,-0.004600,582167.029283
2026-08-02 18:50:00,-0.000800,
2026-08-02 19:00:00,-0.002100,1737991.330527
2026-08-02 19:10:00,0.000400,1737991.330527
2026-08-02 19:20:00,-0.003100,1322201.378964
2026-08-02 19:30:00,0.002500,1441443.439157
2026-08-02 19:40:00,-0.002800,653202.150341
2026-08-02 19:50:00,-0.009800,
2026-08-02 20:00:00,-0.005900,
2026-08-02 20:10:00,-0.005400,
2026-08-02 20:20:00,-0.002000,
2026-08-02 20:30:00,-0.000200,
2026-08-02 20:40:00,0.002600,
2026-08-02 20:50:00,-0.006200,
2026-08-02 21:00:00,0.000600,
2026-08-02 21:10:00,0.001200,
2026-08-02 21:20:00,-0.002000,
2026-08-02 21:30:00,-0.003500,
2026-08-02 21:40:00,-0.004200,
2026-08-02 21:50:00,-0.004700,
2026-08-02 22:00:00,-0.006500,
2026-08-02 22:10:00,-0.002700,
2026-08-02 22:20:00,-0.004300,
2026-08-02 22:30:00,-0.001300,
2026-08-02 22:40:00,-0.005000,
2026-08-02 22:50:00,0.001100,
2026-08-02 23:00:00,0.002100,
2026-08-02 23:10:00,0.004900,
2026-08-02 23:20:00,-0.001200,
2026-08-02 23:30:00,0.003100,
2026-08-02 23:40:00,0.007500,
2026-08-02 23:50:00,0.007700,
2026-08-03 00:00:00,0.008800,
2026-08-03 00:10:00,0.007900,
2026-08-03 00:20:00,0.008300,
2026-08-03 00:30:00,0.007400,
2026-08-03 00:40:00,0.007400,
2026-08-03 00:50:00,0.005900,
2026-08-03 01:00:00,0.010700,
2026-08-03 01:10:00,0.007600,
2026-08-03 01:20:00,0.005400,
2026-08-03 01:30:00,0.010600,
2026-08-03 01:40:00,0.010800,
2026-08-03 01:50:00,0.008200,
2026-08-03 02:00:00,0.005100,
2026-08-03 02:10:00,0.014000,
2026-08-03 02:20:00,0.009600,
2026-08-03 02:30:00,0.010700,
2026-08-03 02:40:00,0.008500,
2026-08-03 02:50:00,0.008200,
2026-08-03 03:00:00,0.009700,
2026-08-03 03:10:00,0.006800,
2026-08-03 03:20:00,0.010000,
2026-08-03 03:30:00,0.006700,
2026-08-03 03:40:00,0.012200,
2026-08-03 03:50:00,0.004400,
2026-08-03 04:00:00,0.006900,
2026-08-03 04:10:00,0.005300,
2026-08-03 04:20:00,0.009600,
2026-08-03 04:30:00,0.003800,
2026-08-03 04:40:00,0.006500,
2026-08-03 04:50:00,0.006100,
2026-08-03 05:00:00,0.003100,
2026-08-03 05:10:00,0.009500,
2026-08-03 05:20:00,0.003800,
2026-08-03 05:30:00,0.004700,
2026-08-03 05:40:00,0.006500,
2026-08-03 05:50:00,0.000900,
2026-08-03 06:00:00,0.006500,
2026-08-03 06:10:00,0.001900,
2026-08-03 06:20:00,0.007400,
2026-08-03 06:30:00,0.001600,
2026-08-03 06:40:00,0.004700,
2026-08-03 06:50:00,0.008400,
2026-08-03 07:00:00,0.007300,
2026-08-03 07:10:00,0.010500,
2026-08-03 07:20:00,0.009400,
2026-08-03 07:30:00,0.011200,
2026-08-03 07:40:00,0.010900,
2026-08-03 07:50:00,0.003500,
2026-08-03 08:00:00,0.000300,
2026-08-03 08:10:00,-0.005400,
2026-08-03 08:20:00,-0.000000,
2026-08-03 08:30:00,0.003000,
2026-08-03 08:40:00,-0.000700,
2026-08-03 08:50:00,-0.001800,95469.193756
2026-08-03 09:00:00,-0.001500,103122.970593
2026-08-03 09:10:00,0.001600,291774.682915
2026-08-03 09:20:00,-0.000800,
2026-08-03 09:30:00,-0.006400,190736.840120
2026-08-03 09:40:00,-0.005000,156650.567157
2026-08-03 09:50:00,-0.013100,424177.478138
2026-08-03 10:00:00,-0.001700,356900.869300
2026-08-03 10:10:00,-0.001700,139245.705231
2026-08-03 10:20:00,-0.003300,206560.656760
2026-08-03 10:30:00,-0.005300,991511.157657
2026-08-03 10:40:00,0.002200,1178413.219404
2026-08-03 10:50:00,-0.002800,1266332.070568
2026-08-03 11:00:00,0.007900,1922195.719367
2026-08-03 11:10:00,-0.004200,883685.249432
2026-08-03 11:20:00,-0.004700,871059.067015
2026-08-03 11:30:00,-0.001400,963379.955080
2026-08-03 11:40:00,0.004300,936046.892345
2026-08-03 11:50:00,-0.000200,
2026-08-03 12:00:00,0.003900,
2026-08-03 12:10:00,0.002900,1958361.744568
2026-08-03 12:20:00,0.002400,
2026-08-03 12:30:00,-0.006200,
2026-08-03 12:40:00,0.003700,3321219.703544
2026-08-03 12:50:00,0.003700,
2026-08-03 13:00:00,0.001200,
2026-08-03 13:10:00,0.004100,
2026-08-03 13:20:00,0.003100,
2026-08-03 13:30:00,0.008700,
2026-08-03 13:40:00,0.009600,
2026-08-03 13:50:00,0.007500,
2026-08-03 14:00:00,0.011000,
2026-08-03 14:10:00,0.002900,
2026-08-03 14:20:00,-0.003000,
2026-08-03 14:30:00,-0.003800,
2026-08-03 14:40:00,-0.007000,
2026-08-03 14:50:00,0.001700,858613.288744
2026-08-03 15:00:00,0.004100,378048.575325
2026-08-03 15:10:00,0.000100,
2026-08-03 15:20:00,-0.000200,189473.119644
2026-08-03 15:30:00,0.006900,1303309.634632
2026-08-03 15:40:00,0.004700,1128619.645883
2026-08-03 15:50:00,-0.007600,1840973.791187
2026-08-03 16:00:00,0.000000,1894731.196440
2026-08-03 16:10:00,0.005100,400449.361711
2026-08-03 16:20:00,0.000900,389087.793030
2026-08-03 16:30:00,0.006600,590605.661503
2026-08-03 16:40:00,0.010800,
2026-08-03 16:50:00,0.007400,691906.811043
2026-08-03 17:00:00,-0.001900,582167.029283
2026-08-03 17:10:00,0.004100,810583.213763
2026-08-03 17:20:00,0.011400,1420847.952452
2026-08-03 17:30:00,0.009300,
2026-08-03 17:40:00,0.010000,351801.434311
2026-08-03 17:50:00,0.005000,643869.133285
2026-08-03 18:00:00,0.016700,
2026-08-03 18:10:00,-0.000200,475934.958370
2026-08-03 18:20:00,0.001400,
2026-08-03 18:30:00,0.002500,89649.445099
2026-08-03 18:40:00,-0.010000,
2026-08-03 18:50:00,-0.008200,
2026-08-03 19:00:00,0.007800,
2026-08-03 19:10:00,-0.000700,
2026-08-03 19:20:00,-0.001600,
2026-08-03 19:30:00,0.010400,
2026-08-03 19:40:00,0.007200,
2026-08-03 19:50:00,-0.003000,
2026-08-03 20:00:00,0.000700,
2026-08-03 20:10:00,0.009900,
2026-08-03 20:20:00,0.007900,
2026-08-03 20:30:00,-0.002500,
2026-08-03 20:40:00,0.006300,
2026-08-03 20:50:00,0.007600,
2026-08-03 21:00:00,0.007300,
2026-08-03 21:10:00,0.005200,
2026-08-03 21:20:00,-0.002200,
2026-08-03 21:30:00,-0.004800,
2026-08-03 21:40:00,-0.008000,
2026-08-03 21:50:00,-0.008200,
2026-08-03 22:00:00,0.000200,
2026-08-03 22:10:00,0.002200,
2026-08-03 22:20:00,0.003700,
2026-08-03 22:30:00,0.004800,
2026-08-03 22:40:00,0.010200,
2026-08-03 22:50:00,0.007400,
2026-08-03 23:00:00,0.015700,
2026-08-03 23:10:00,0.011900,
2026-08-03 23:20:00,0.009900,
2026-08-03 23:30:00,0.014600,
2026-08-03 23:40:00,0.012200,
2026-08-03 23:50:00,0.012300,
2026-08-04 00:00:00,0.013500,
2026-08-04 00:10:00,0.016300,
2026-08-04 00:20:00,0.012300,
2026-08-04 00:30:00,0.016500,
2026-08-04 00:40:00,0.015500,
2026-08-04 00:50:00,0.016400,
2026-08-04 01:00:00,0.011700,
2026-08-04 01:10:00,0.019600,
2026-08-04 01:20:00,0.015700,
2026-08-04 01:30:00,0.011100,
2026-08-04 01:40:00,0.015300,
2026-08-04 01:50:00,0.016000,
2026-08-04 02:00:00,0.016000,
2026-08-04 02:10:00,0.014900,
2026-08-04 02:20:00,0.014400,
2026-08-04 02:30:00,0.016100,
2026-08-04 02:40:00,0.013300,
2026-08-04 02:50:00,0.016600,
2026-08-04 03:00:00,0.014200,
2026-08-04 03:10:00,0.009700,
2026-08-04 03:20:00,0.015100,
2026-08-04 03:30:00,0.013900,
2026-08-04 03:40:00,0.011400,
2026-08-04 03:50:00,0.008100,
2026-08-04 04:00:00,0.013000,
2026-08-04 04:10:00,0.010900,
2026-08-04 04:20:00,0.009000,
2026-08-04 04:30:00,0.012300,
2026-08-04 04:40:00,0.010900,
2026-08-04 04:50:00,0.009700,
2026-08-04 05:00:00,0.009300,
2026-08-04 05:10:00,0.007900,
2026-08-04 05:20:00,0.010600,
2026-08-04 05:30:00,0.007200,
2026-08-04 05:40:00,0.007200,
2026-08-04 05:50:00,0.006100,
2026-08-04 06:00:00,0.009200,
2026-08-04 06:10:00,0.011600,
2026-08-04 06:20:00,0.013500,
2026-08-04 06:30:00,0.012100,
2026-08-04 06:40:00,0.012400,
2026-08-04 06:50:00,0.014900,
2026-08-04 07:00:00,0.009600,
2026-08-04 07:10:00,0.007400,
2026-08-04 07:20:00,0.011200,
2026-08-04 07:30:00,0.013600,
2026-08-04 07:40:00,0.013100,
2026-08-04 07:50:00,0.007500,
2026-08-04 08:00:00,0.006600,
2026-08-04 08:10:00,0.011900,
2026-08-04 08:20:00,0.006500,
2026-08-04 08:30:00,0.004500,318088.234585
2026-08-04 08:40:00,0.003300,215673.906991
2026-08-04 08:50:00,0.002000,518856.910999
2026-08-04 09:00:00,0.004200,
2026-08-04 09:10:00,0.005100,416886.581815
2026-08-04 09:20:00,0.004500,
2026-08-04 09:30:00,0.004600,243283.835980
2026-08-04 09:40:00,0.007100,68328.399833
2026-08-04 09:50:00,0.001800,
2026-08-04 10:00:00,0.003000,329560.067799
2026-08-04 10:10:00,-0.000600,374233.720185
2026-08-04 10:20:00,-0.001500,
2026-08-04 10:30:00,-0.001500,526377.849881
2026-08-04 10:40:00,-0.008800,231764.868817
2026-08-04 10:50:00,-0.000300,295499.650523
2026-08-04 11:00:00,-0.005700,261053.973424
2026-08-04 11:10:00,-0.000700,
2026-08-04 11:20:00,0.001100,
2026-08-04 11:30:00,0.002700,
2026-08-04 11:40:00,0.006000,
2026-08-04 11:50:00,0.005200,
2026-08-04 12:00:00,0.005600,146928.286883
2026-08-04 12:10:00,-0.002700,284697.655534
2026-08-04 12:20:00,0.000100,616662.594443
2026-08-04 12:30:00,0.003300,8463453.369865
2026-08-04 12:40:00,0.001500,
2026-08-04 12:50:00,0.008800,
2026-08-04 13:00:00,-0.000500,1112493.816537
2026-08-04 13:10:00,0.003700,7990015.204760
2026-08-04 13:20:00,0.001100,3226989.897292
2026-08-04 13:30:00,0.004000,
2026-08-04 13:40:00,0.001100,144050.228635
2026-08-04 13:50:00,0.001900,2490563.423608
2026-08-04 14:00:00,0.007500,13805355.855437
2026-08-04 14:10:00,0.005500,
2026-08-04 14:20:00,0.004500,
2026-08-04 14:30:00,0.008900,
2026-08-04 14:40:00,0.007600,
2026-08-04 14:50:00,0.011100,
2026-08-04 15:00:00,0.005000,
2026-08-04 15:10:00,0.010400,
2026-08-04 15:20:00,0.011600,
2026-08-04 15:30:00,0.014600,
2026-08-04 15:40:00,0.009100,
2026-08-04 15:50:00,0.015400,
2026-08-04 16:00:00,0.013600,
2026-08-04 16:10:00,0.008400,
2026-08-04 16:20:00,0.005700,
2026-08-04 16:30:00,0.016500,
2026-08-04 16:40:00,0.002100,
2026-08-04 16:50:00,0.003100,
2026-08-04 17:00:00,0.006300,
2026-08-04 17:10:00,0.006200,
2026-08-04 17:20:00,0.001700,
2026-08-04 17:30:00,0.004500,
2026-08-04 17:40:00,0.005900,
2026-08-04 17:50:00,-0.002200,
2026-08-04 18:00:00,0.001600,
2026-08-04 18:10:00,0.004800,
2026-08-04 18:20:00,-0.003000,
2026-08-04 18:30:00,-0.000200,
2026-08-04 18:40:00,0.000900,
2026-08-04 18:50:00,0.000000,
2026-08-04 19:00:00,-0.005800,
2026-08-04 19:10:00,-0.009200,
2026-08-04 19:20:00,-0.004200,
2026-08-04 19:30:00,0.001200,
2026-08-04 19:40:00,0.011300,
2026-08-04 19:50:00,0.007200,
2026-08-04 20:00:00,-0.001200,
2026-08-04 20:10:00,0.001600,
2026-08-04 20:20:00,0.003600,
2026-08-04 20:30:00,0.007800,
2026-08-04 20:40:00,0.007900,
2026-08-04 20:50:00,0.014800,
2026-08-04 21:00:00,0.012700,
2026-08-04 21:10:00,0.004100,
2026-08-04 21:20:00,0.005200,
2026-08-04 21:30:00,0.008400,
2026-08-04 21:40:00,0.011400,
2026-08-04 21:50:00,0.009800,
2026-08-04 22:00:00,0.007800,
2026-08-04 22:10:00,0.013000,
2026-08-04 22:20:00,0.011000,
2026-08-04 22:30:00,0.008000,
2026-08-04 22:40:00,0.007700,
2026-08-04 22:50:00,0.012200,
2026-08-04 23:00:00,0.006800,
2026-08-04 23:10:00,0.001600,
2026-08-04 23:20:00,0.008000,
2026-08-04 23:30:00,0.009000,
2026-08-04 23:40:00,0.003800,
2026-08-04 23:50:00,0.007700,
2026-08-05 00:00:00,0.007600,
2026-08-05 00:10:00,0.008900,
2026-08-05 00:20:00,0.013500,
2026-08-05 00:30:00,0.016200,
2026-08-05 00:40:00,0.008600,
2026-08-05 00:50:00,0.008400,
2026-08-05 01:00:00,0.014000,
2026-08-05 01:10:00,0.006900,
2026-08-05 01:20:00,0.008400,
2026-08-05 01:30:00,0.013200,
2026-08-05 01:40:00,0.011000,
2026-08-05 01:50:00,0.009900,
2026-08-05 02:00:00,0.008500,
2026-08-05 02:10:00,0.013300,
2026-08-05 02:20:00,0.009800,
2026-08-05 02:30:00,0.012100,
2026-08-05 02:40:00,0.008300,
2026-08-05 02:50:00,0.010600,
2026-08-05 03:00:00,0.012800,
2026-08-05 03:10:00,0.010100,
2026-08-05 03:20:00,0.010600,
2026-08-05 03:30:00,0.010000,
2026-08-05 03:40:00,0.010300,
2026-08-05 03:50:00,0.009800,
2026-08-05 04:00:00,0.011900,
2026-08-05 04:10:00,0.013600,
2026-08-05 04:20:00,0.009500,
2026-08-05 04:30:00,0.008700,
2026-08-05 04:40:00,0.012800,
2026-08-05 04:50:00,0.013400,
2026-08-05 05:00:00,0.009300,
2026-08-05 05:10:00,0.006400,173799.133053
2026-08-05 05:20:00,0.009800,489832.510064
2026-08-05 05:30:00,0.014700,
2026-08-05 05:40:00,0.013600,
2026-08-05 05:50:00,0.009800,283496.437483
2026-08-05 06:00:00,0.011600,643869.133285
2026-08-05 06:10:00,0.003300,302297.519457
2026-08-05 06:20:00,0.008000,260044.459872
2026-08-05 06:30:00,0.009600,
2026-08-05 06:40:00,0.009800,372646.979817
2026-08-05 06:50:00,0.014900,424177.478138
2026-08-05 07:00:00,0.013900,175512.063229
2026-08-05 07:10:00,0.012200,230529.362982
2026-08-05 07:20:00,0.013800,161428.535891
2026-08-05 07:30:00,0.007900,199821.761658
2026-08-05 07:40:00,0.014900,230704.981214
2026-08-05 07:50:00,0.016700,200900.171674
2026-08-05 08:00:00,0.014000,115107.946922
2026-08-05 08:10:00,0.014300,121424.681112
2026-08-05 08:20:00,0.017300,152425.269511
2026-08-05 08:30:00,0.014100,120034.744281
2026-08-05 08:40:00,0.021700,138414.622178
2026-08-05 08:50:00,0.011500,107516.780222
2026-08-05 09:00:00,0.013700,137003.072781
2026-08-05 09:10:00,0.014900,171633.180426
2026-08-05 09:20:00,0.019200,187111.831680
2026-08-05 09:30:00,0.014600,
2026-08-05 09:40:00,0.011100,
2026-08-05 09:50:00,0.006600,
2026-08-05 10:00:00,0.007000,
2026-08-05 10:10:00,0.003700,
2026-08-05 10:20:00,0.007200,
2026-08-05 10:30:00,0.011200,
2026-08-05 10:40:00,0.003400,
2026-08-05 10:50:00,0.005500,
2026-08-05 11:00:00,0.007800,
2026-08-05 11:10:00,0.006600,
2026-08-05 11:20:00,0.005100,
2026-08-05 11:30:00,0.004200,241990.103755
2026-08-05 11:40:00,0.005400,
2026-08-05 11:50:00,0.004900,
2026-08-05 12:00:00,0.001700,
2026-08-05 12:10:00,0.003300,
2026-08-05 12:20:00,0.006100,
2026-08-05 12:30:00,0.013500,
2026-08-05 12:40:00,0.009300,
2026-08-05 12:50:00,0.013000,
2026-08-05 13:00:00,0.012400,291774.682915
2026-08-05 13:10:00,0.011700,166364.087984
2026-08-05 13:20:00,0.005700,
2026-08-05 13:30:00,0.010100,
2026-08-05 13:40:00,0.016400,
2026-08-05 13:50:00,0.011100,
2026-08-05 14:00:00,0.008300,922672.561585
2026-08-05 14:10:00,0.013400,504135.877595
2026-08-05 14:20:00,0.009400,200109.596779
2026-08-05 14:30:00,0.014000,192219.571937
2026-08-05 14:40:00,0.010700,192219.571937
2026-08-05 14:50:00,0.013100,300294.657478
2026-08-05 15:00:00,0.013700,
2026-08-05 15:10:00,0.015800,
2026-08-05 15:20:00,0.015500,625601.247058
2026-08-05 15:30:00,0.012900,
2026-08-05 15:40:00,0.016000,
2026-08-05 15:50:00,0.014200,
2026-08-05 16:00:00,0.016200,260044.459872
2026-08-05 16:10:00,0.018900,146233.746173
2026-08-05 16:20:00,0.010200,351801.434311
2026-08-05 16:30:00,0.016300,293017.066975
2026-08-05 16:40:00,0.022800,
2026-08-05 16:50:00,0.016400,275453.062831
2026-08-05 17:00:00,0.018500,
2026-08-05 17:10:00,0.018100,
2026-08-05 17:20:00,0.016100,
2026-08-05 17:30:00,0.015500,
2026-08-05 17:40:00,0.010400,
2026-08-05 17:50:00,0.009800,
2026-08-05 18:00:00,0.013900,174524.690171
2026-08-05 18:10:00,0.009500,
2026-08-05 18:20:00,0.007300,
2026-08-05 18:30:00,0.009000,
2026-08-05 18:40:00,0.008100,
2026-08-05 18:50:00,0.008600,
2026-08-05 19:00:00,0.015900,
2026-08-05 19:10:00,0.010300,
2026-08-05 19:20:00,0.012900,194432.077610
2026-08-05 19:30:00,0.011700,
2026-08-05 19:40:00,0.011600,
2026-08-05 19:50:00,0.015100,
2026-08-05 20:00:00,0.010700,236381.375205
2026-08-05 20:10:00,0.018900,
2026-08-05 20:20:00,0.005700,
2026-08-05 20:30:00,0.016200,
2026-08-05 20:40:00,0.016500,
2026-08-05 20:50:00,0.016600,
2026-08-05 21:00:00,0.009700,
2026-08-05 21:10:00,0.015400,
2026-08-05 21:20:00,0.016500,
2026-08-05 21:30:00,0.011400,285012.071681
2026-08-05 21:40:00,0.010900,
2026-08-05 21:50:00,0.016100,
2026-08-05 22:00:00,0.006200,216826.947050
2026-08-05 22:10:00,0.015200,
2026-08-05 22:20:00,0.007400,
2026-08-05 22:30:00,0.011400,267637.895194
2026-08-05 22:40:00,0.013000,
2026-08-05 22:50:00,0.012600,121930.752741
2026-08-05 23:00:00,0.012000,
2026-08-05 23:10:00,0.013500,871059.067015
2026-08-05 23:20:00,0.011400,263669.310515
2026-08-05 23:30:00,0.017000,
2026-08-05 23:40:00,0.012300,
2026-08-05 23:50:00,0.007500,
2026-08-06 00:00:00,0.005500,
2026-08-06 00:10:00,0.006400,
2026-08-06 00:20:00,0.008000,
2026-08-06 00:30:00,0.009100,
2026-08-06 00:40:00,0.008700,
2026-08-06 00:50:00,0.007200,
2026-08-06 01:00:00,0.009700,
2026-08-06 01:10:00,0.004900,
2026-08-06 01:20:00,0.008000,
2026-08-06 01:30:00,0.013200,
2026-08-06 01:40:00,0.013000,
2026-08-06 01:50:00,0.011200,
2026-08-06 02:00:00,0.014800,
2026-08-06 02:10:00,0.010300,
2026-08-06 02:20:00,0.011000,
2026-08-06 02:30:00,0.012300,
2026-08-06 02:40:00,0.013700,
2026-08-06 02:50:00,0.015400,
2026-08-06 03:00:00,0.012300,
2026-08-06 03:10:00,0.011800,
2026-08-06 03:20:00,0.012300,
2026-08-06 03:30:00,0.008000,
2026-08-06 03:40:00,0.008100,
2026-08-06 03:50:00,0.013300,
2026-08-06 04:00:00,0.011700,
2026-08-06 04:10:00,0.015400,
2026-08-06 04:20:00,0.013700,
2026-08-06 04:30:00,0.014700,
2026-08-06 04:40:00,0.012400,
2026-08-06 04:50:00,0.012600,
2026-08-06 05:00:00,0.012500,
2026-08-06 05:10:00,0.011600,
2026-08-06 05:20:00,0.010100,682020.777959
2026-08-06 05:30:00,0.009100,
2026-08-06 05:40:00,0.010400,
2026-08-06 05:50:00,0.012300,
2026-08-06 06:00:00,0.004900,
2026-08-06 06:10:00,0.008300,
2026-08-06 06:20:00,0.016300,
2026-08-06 06:30:00,0.015300,
2026-08-06 06:40:00,0.011400,
2026-08-06 06:50:00,0.015000,
2026-08-06 07:00:00,0.015200,394727.701547
2026-08-06 07:10:00,0.014400,221971.698777
2026-08-06 07:20:00,0.008700,191861.685286
2026-08-06 07:30:00,0.004900,267637.895194
2026-08-06 07:40:00,0.012200,341820.106982
2026-08-06 07:50:00,0.011700,275453.062831
2026-08-06 08:00:00,0.007100,164004.327558
2026-08-06 08:10:00,0.007200,163326.618887
2026-08-06 08:20:00,0.005900,107423.180263
2026-08-06 08:30:00,0.003900,168129.059454
2026-08-06 08:40:00,0.001800,136436.940339
2026-08-06 08:50:00,-0.003800,121930.752741
2026-08-06 09:00:00,0.004500,205284.097578
2026-08-06 09:10:00,0.003400,229977.094858
2026-08-06 09:20:00,0.007100,175512.063229
2026-08-06 09:30:00,0.006600,308894.078909
2026-08-06 09:40:00,0.007800,282784.869694
2026-08-06 09:50:00,0.010900,
2026-08-06 10:00:00,0.003000,99334.760770
2026-08-06 10:10:00,0.008400,155726.762520
2026-08-06 10:20:00,0.009100,180396.519321
2026-08-06 10:30:00,0.007700,120532.817330
2026-08-06 10:40:00,0.004200,184812.059982
2026-08-06 10:50:00,0.013800,80240.368938
2026-08-06 11:00:00,-0.002100,175733.803121
2026-08-06 11:10:00,0.010800,118041.150319
2026-08-06 11:20:00,0.004300,143072.765414
2026-08-06 11:30:00,0.003300,643869.133285
2026-08-06 11:40:00,-0.008100,252235.942450
2026-08-06 11:50:00,-0.001600,136412.857967
2026-08-06 12:00:00,0.003400,88349.249320
2026-08-06 12:10:00,0.001100,143320.055509
2026-08-06 12:20:00,0.006500,
2026-08-06 12:30:00,0.001000,424177.478138
2026-08-06 12:40:00,-0.002400,72550.918810
2026-08-06 12:50:00,-0.011200,323951.733216
2026-08-06 13:00:00,-0.004600,142841.797898
2026-08-06 13:10:00,-0.003500,
2026-08-06 13:20:00,0.006200,
2026-08-06 13:30:00,-0.002500,
2026-08-06 13:40:00,0.001000,
2026-08-06 13:50:00,-0.000900,
2026-08-06 14:00:00,-0.009000,389087.793030
2026-08-06 14:10:00,-0.007700,
2026-08-06 14:20:00,-0.007900,
2026-08-06 14:30:00,-0.008500,
2026-08-06 14:40:00,-0.011100,
2026-08-06 14:50:00,-0.004800,
2026-08-06 15:00:00,-0.004400,
2026-08-06 15:10:00,-0.001000,
2026-08-06 15:20:00,-0.005000,
2026-08-06 15:30:00,-0.000900,
2026-08-06 15:40:00,-0.001900,
2026-08-06 15:50:00,0.003300,
2026-08-06 16:00:00,0.000500,
2026-08-06 16:10:00,0.000900,
2026-08-06 16:20:00,-0.002900,130975.775158
2026-08-06 16:30:00,0.003500,
2026-08-06 16:40:00,0.006100,242929.528842
2026-08-06 16:50:00,0.005500,
2026-08-06 17:00:00,0.004600,132220.137896
2026-08-06 17:10:00,0.000600,201189.498399
2026-08-06 17:20:00,-0.002400,153968.532902
2026-08-06 17:30:00,0.005000,171240.034974
2026-08-06 17:40:00,-0.005400,177800.088004
2026-08-06 17:50:00,-0.001000,
2026-08-06 18:00:00,0.003100,
2026-08-06 18:10:00,-0.001600,
2026-08-06 18:20:00,0.007600,
2026-08-06 18:30:00,0.007300,
2026-08-06 18:40:00,0.005800,
2026-08-06 18:50:00,-0.000000,
2026-08-06 19:00:00,-0.002700,
2026-08-06 19:10:00,-0.001500,
2026-08-06 19:20:00,-0.003700,
2026-08-06 19:30:00,0.005300,
2026-08-06 19:40:00,0.006800,
2026-08-06 19:50:00,0.006600,
2026-08-06 20:00:00,0.008800,
2026-08-06 20:10:00,0.009700,
2026-08-06 20:20:00,0.008500,
2026-08-06 20:30:00,0.003600,
2026-08-06 20:40:00,-0.002100,
2026-08-06 20:50:00,0.006600,
2026-08-06 21:00:00,0.004700,
2026-08-06 21:10:00,0.001800,
2026-08-06 21:20:00,0.003200,
2026-08-06 21:30:00,0.002000,
2026-08-06 21:40:00,0.001100,
2026-08-06 21:50:00,-0.002400,
2026-08-06 22:00:00,-0.004800,97734.434798
2026-08-06 22:10:00,0.002400,
2026-08-06 22:20:00,-0.004000,
2026-08-06 22:30:00,-0.004100,
2026-08-06 22:40:00,-0.000200,
2026-08-06 22:50:00,0.007300,
2026-08-06 23:00:00,0.005300,
2026-08-06 23:10:00,0.005100,
2026-08-06 23:20:00,0.001800,
2026-08-06 23:30:00,0.007400,
2026-08-06 23:40:00,0.009300,
2026-08-06 23:50:00,0.008900,
2026-08-07 00:00:00,0.012600,
2026-08-07 00:10:00,0.010100,
2026-08-07 00:20:00,0.010100,
2026-08-07 00:30:00,0.006000,
2026-08-07 00:40:00,0.008700,
2026-08-07 00:50:00,0.005000,
2026-08-07 01:00:00,0.004100,
2026-08-07 01:10:00,0.007200,
2026-08-07 01:20:00,0.008900,
2026-08-07 01:30:00,0.008500,
2026-08-07 01:40:00,0.012400,
2026-08-07 01:50:00,0.014600,
2026-08-07 02:00:00,0.010100,
2026-08-07 02:10:00,0.011400,
2026-08-07 02:20:00,0.013100,
2026-08-07 02:30:00,0.007700,
2026-08-07 02:40:00,0.011400,
2026-08-07 02:50:00,0.002900,
2026-08-07 03:00:00,0.010400,
2026-08-07 03:10:00,0.009100,
2026-08-07 03:20:00,0.005400,
2026-08-07 03:30:00,0.007700,
2026-08-07 03:40:00,0.010900,
2026-08-07 03:50:00,0.013900,
2026-08-07 04:00:00,0.011200,
2026-08-07 04:10:00,0.011100,
2026-08-07 04:20:00,0.012600,
2026-08-07 04:30:00,0.011800,
2026-08-07 04:40:00,0.009800,
2026-08-07 04:50:00,0.008800,
2026-08-07 05:00:00,0.012500,
2026-08-07 05:10:00,0.009900,88368.524943
2026-08-07 05:20:00,0.009200,
2026-08-07 05:30:00,0.004900,206560.656760
2026-08-07 05:40:00,0.006900,287605.777331
2026-08-07 05:50:00,0.004300,
2026-08-07 06:00:00,0.005500,
2026-08-07 06:10:00,0.003800,267491.252033
2026-08-07 06:20:00,0.009700,455824.438604
2026-08-07 06:30:00,0.002600,
2026-08-07 06:40:00,0.003600,
2026-08-07 06:50:00,0.003600,
2026-08-07 07:00:00,0.006100,
2026-08-07 07:10:00,0.011400,
2026-08-07 07:20:00,0.011000,
2026-08-07 07:30:00,0.011200,
2026-08-07 07:40:00,0.008000,
2026-08-07 07:50:00,0.005700,98131.168803
2026-08-07 08:00:00,0.015100,241382.715654
2026-08-07 08:10:00,0.006500,308029.255048
2026-08-07 08:20:00,0.004000,
2026-08-07 08:30:00,0.002100,79078.235756
2026-08-07 08:40:00,-0.005300,251316.336874
2026-08-07 08:50:00,-0.001900,
2026-08-07 09:00:00,-0.004200,112204.639775
2026-08-07 09:10:00,-0.003300,110656.326887
2026-08-07 09:20:00,-0.007100,124864.616381
2026-08-07 09:30:00,-0.012700,172512.551816
2026-08-07 09:40:00,-0.007700,121054.324286
2026-08-07 09:50:00,-0.010500,321223.249853
2026-08-07 10:00:00,-0.001700,175986.886457
2026-08-07 10:10:00,-0.010400,112368.034253
2026-08-07 10:20:00,-0.004300,111665.730038
2026-08-07 10:30:00,-0.003500,147648.931308
2026-08-07 10:40:00,-0.006500,138414.622178
2026-08-07 10:50:00,0.001600,111549.352350
2026-08-07 11:00:00,-0.001400,93310.812618
2026-08-07 11:10:00,0.000700,
2026-08-07 11:20:00,0.004100,
2026-08-07 11:30:00,-0.007500,
2026-08-07 11:40:00,-0.007500,
2026-08-07 11:50:00,-0.006300,
2026-08-07 12:00:00,-0.006100,
2026-08-07 12:10:00,-0.002900,
2026-08-07 12:20:00,0.002200,
2026-08-07 12:30:00,-0.008700,
2026-08-07 12:40:00,-0.000500,
2026-08-07 12:50:00,0.002100,
2026-08-07 13:00:00,-0.004400,
2026-08-07 13:10:00,0.003200,
2026-08-07 13:20:00,0.000700,
2026-08-07 13:30:00,0.000800,
2026-08-07 13:40:00,-0.001600,
2026-08-07 13:50:00,-0.000100,
2026-08-07 14:00:00,-0.004500,
2026-08-07 14:10:00,-0.012600,
2026-08-07 14:20:00,-0.009700,
2026-08-07 14:30:00,-0.004500,
2026-08-07 14:40:00,-0.009300,
2026-08-07 14:50:00,-0.002800,
2026-08-07 15:00:00,-0.000600,
2026-08-07 15:10:00,-0.001800,
2026-08-07 15:20:00,-0.000900,
2026-08-07 15:30:00,-0.009000,
2026-08-07 15:40:00,-0.002400,
2026-08-07 15:50:00,-0.001200,
2026-08-07 16:00:00,-0.004400,
2026-08-07 16:10:00,0.000400,
2026-08-07 16:20:00,-0.001100,
2026-08-07 16:30:00,-0.008100,
2026-08-07 16:40:00,-0.006200,
2026-08-07 16:50:00,-0.013700,
2026-08-07 17:00:00,-0.009000,
2026-08-07 17:10:00,-0.011000,
2026-08-07 17:20:00,-0.006900,
2026-08-07 17:30:00,-0.004600,
2026-08-07 17:40:00,-0.006100,
2026-08-07 17:50:00,-0.006500,
2026-08-07 18:00:00,-0.008100,
2026-08-07 18:10:00,-0.004700,
2026-08-07 18:20:00,-0.000800,
2026-08-07 18:30:00,-0.005400,
2026-08-07 18:40:00,-0.004700,
2026-08-07 18:50:00,-0.002800,
2026-08-07 19:00:00,0.001300,
2026-08-07 19:10:00,-0.002200,
2026-08-07 19:20:00,0.000700,
2026-08-07 19:30:00,-0.001000,
2026-08-07 19:40:00,-0.002400,
2026-08-07 19:50:00,-0.002200,
2026-08-07 20:00:00,0.000500,
2026-08-07 20:10:00,0.007700,
2026-08-07 20:20:00,0.008900,
2026-08-07 20:30:00,0.016100,
2026-08-07 20:40:00,0.011300,
2026-08-07 20:50:00,0.020800,
2026-08-07 21:00:00,0.012800,
2026-08-07 21:10:00,0.019100,
2026-08-07 21:20:00,0.016100,
2026-08-07 21:30:00,0.006300,
2026-08-07 21:40:00,0.005900,
2026-08-07 21:50:00,0.005400,
2026-08-07 22:00:00,0.011100,
2026-08-07 22:10:00,0.014100,
2026-08-07 22:20:00,0.006600,
2026-08-07 22:30:00,0.008800,
2026-08-07 22:40:00,0.005800,
2026-08-07 22:50:00,0.005300,
2026-08-07 23:00:00,0.005100,
2026-08-07 23:10:00,0.004100,
2026-08-07 23:20:00,0.001400,
2026-08-07 23:30:00,0.001600,
2026-08-07 23:40:00,-0.000200,
2026-08-07 23:50:00,0.003400,281985.157949
2026-08-08 00:00:00,-0.000500,317152.337682
2026-08-08 00:10:00,0.003300,
2026-08-08 00:20:00,0.000000,
2026-08-08 00:30:00,0.002900,245040.717207
2026-08-08 00:40:00,0.002200,238974.328638
2026-08-08 00:50:00,0.005900,273984.661393
2026-08-08 01:00:00,0.003500,1505038.486546
2026-08-08 01:10:00,0.002000,401191.063146
2026-08-08 01:20:00,0.003700,209554.796458
2026-08-08 01:30:00,0.005800,341820.106982
2026-08-08 01:40:00,0.003400,341820.106982
2026-08-08 01:50:00,0.005300,436563.684123
2026-08-08 02:00:00,-0.000400,209554.796458
2026-08-08 02:10:00,0.000900,
2026-08-08 02:20:00,0.003600,
2026-08-08 02:30:00,0.002000,
2026-08-08 02:40:00,0.002200,
2026-08-08 02:50:00,0.008400,
2026-08-08 03:00:00,0.005400,
2026-08-08 03:10:00,0.007000,
2026-08-08 03:20:00,0.002900,
2026-08-08 03:30:00,0.006500,
2026-08-08 03:40:00,0.007000,
2026-08-08 03:50:00,-0.000800,
2026-08-08 04:00:00,0.001500,
2026-08-08 04:10:00,-0.002000,
2026-08-08 04:20:00,-0.000100,
2026-08-08 04:30:00,0.004300,
2026-08-08 04:40:00,0.002900,
2026-08-08 04:50:00,0.000800,
2026-08-08 05:00:00,0.001200,
2026-08-08 05:10:00,0.000500,
2026-08-08 05:20:00,0.001800,
2026-08-08 05:30:00,0.001300,
2026-08-08 05:40:00,0.004300,
2026-08-08 05:50:00,0.005000,
2026-08-08 06:00:00,0.002100,
2026-08-08 06:10:00,0.005000,
2026-08-08 06:20:00,0.006700,
2026-08-08 06:30:00,-0.001200,
2026-08-08 06:40:00,-0.001300,
2026-08-08 06:50:00,0.002600,
2026-08-08 07:00:00,0.003000,
2026-08-08 07:10:00,0.001900,
2026-08-08 07:20:00,0.002400,
2026-08-08 07:30:00,-0.001500,
2026-08-08 07:40:00,-0.001900,
2026-08-08 07:50:00,0.002100,
2026-08-08 08:00:00,0.006100,
2026-08-08 08:10:00,0.001800,
2026-08-08 08:20:00,0.003600,
2026-08-08 08:30:00,-0.003000,
2026-08-08 08:40:00,-0.000600,
2026-08-08 08:50:00,0.000400,
2026-08-08 09:00:00,0.003900,
2026-08-08 09:10:00,0.007100,
2026-08-08 09:20:00,0.012200,
2026-08-08 09:30:00,0.013100,
2026-08-08 09:40:00,0.009500,
2026-08-08 09:50:00,0.010200,
2026-08-08 10:00:00,0.010600,
2026-08-08 10:10:00,0.004600,
2026-08-08 10:20:00,0.003000,
2026-08-08 10:30:00,0.005100,
2026-08-08 10:40:00,0.006800,
2026-08-08 10:50:00,0.005600,
2026-08-08 11:00:00,0.010300,
2026-08-08 11:10:00,0.003800,
2026-08-08 11:20:00,0.004300,
2026-08-08 11:30:00,0.004800,
2026-08-08 11:40:00,0.000200,
2026-08-08 11:50:00,0.005700,
2026-08-08 12:00:00,0.011300,
2026-08-08 12:10:00,-0.000800,
2026-08-08 12:20:00,0.006000,
2026-08-08 12:30:00,0.008900,
2026-08-08 12:40:00,0.010600,
2026-08-08 12:50:00,0.009400,
2026-08-08 13:00:00,0.006500,
2026-08-08 13:10:00,0.000400,
2026-08-08 13:20:00,0.003400,
2026-08-08 13:30:00,0.002400,
2026-08-08 13:40:00,0.001100,225065.839893
2026-08-08 13:50:00,0.001100,
2026-08-08 14:00:00,0.004200,182959.644551
2026-08-08 14:10:00,0.011500,
2026-08-08 14:20:00,0.014800,
2026-08-08 14:30:00,0.016600,
2026-08-08 14:40:00,0.009800,
2026-08-08 14:50:00,0.013700,
2026-08-08 15:00:00,0.008900,
2026-08-08 15:10:00,0.003800,
2026-08-08 15:20:00,0.001400,
2026-08-08 15:30:00,0.009100,
2026-08-08 15:40:00,0.007400,
2026-08-08 15:50:00,0.005400,
2026-08-08 16:00:00,0.004800,
2026-08-08 16:10:00,0.006000,
2026-08-08 16:20:00,0.007400,
2026-08-08 16:30:00,0.009700,
2026-08-08 16:40:00,0.006300,
2026-08-08 16:50:00,0.008100,
2026-08-08 17:00:00,0.010400,
2026-08-08 17:10:00,0.011400,
2026-08-08 17:20:00,0.012900,
2026-08-08 17:30:00,0.015600,
2026-08-08 17:40:00,0.014600,
2026-08-08 17:50:00,0.015700,
2026-08-08 18:00:00,0.015200,
2026-08-08 18:10:00,0.011400,
2026-08-08 18:20:00,0.014800,
2026-08-08 18:30:00,0.013500,
2026-08-08 18:40:00,0.011000,
2026-08-08 18:50:00,0.008100,
2026-08-08 19:00:00,-0.000900,
2026-08-08 19:10:00,0.007400,
2026-08-08 19:20:00,0.004100,
2026-08-08 19:30:00,0.007300,
2026-08-08 19:40:00,0.004400,
2026-08-08 19:50:00,0.002900,
2026-08-08 20:00:00,0.003700,
2026-08-08 20:10:00,0.005000,
2026-08-08 20:20:00,0.005000,
2026-08-08 20:30:00,0.002000,
2026-08-08 20:40:00,-0.002300,
2026-08-08 20:50:00,0.001300,
2026-08-08 21:00:00,0.001300,
2026-08-08 21:10:00,0.003000,
2026-08-08 21:20:00,0.001400,
2026-08-08 21:30:00,-0.005700,
2026-08-08 21:40:00,-0.001000,
2026-08-08 21:50:00,0.001700,
2026-08-08 22:00:00,-0.000100,1080930.088104
2026-08-08 22:10:00,0.006200,
2026-08-08 22:20:00,0.003700,
2026-08-08 22:30:00,0.001700,353299.413814
2026-08-08 22:40:00,0.000300,401191.063146
2026-08-08 22:50:00,0.002100,
2026-08-08 23:00:00,-0.000600,
2026-08-08 23:10:00,0.000100,436563.684123
2026-08-08 23:20:00,0.002200,
2026-08-08 23:30:00,0.005000,
2026-08-08 23:40:00,0.008300,
2026-08-08 23:50:00,0.006900,
2026-08-09 00:00:00,0.000900,
2026-08-09 00:10:00,0.006900,
2026-08-09 00:20:00,-0.000400,
2026-08-09 00:30:00,0.001100,
2026-08-09 00:40:00,0.005200,
2026-08-09 00:50:00,0.002200,
2026-08-09 01:00:00,0.003300,
2026-08-09 01:10:00,0.004900,
2026-08-09 01:20:00,0.002200,
2026-08-09 01:30:00,0.004400,271368.593387
2026-08-09 01:40:00,0.002700,260044.459872
2026-08-09 01:50:00,-0.000900,362074.221661
2026-08-09 02:00:00,0.000300,
2026-08-09 02:10:00,0.002600,
2026-08-09 02:20:00,-0.004100,260044.459872
2026-08-09 02:30:00,-0.003300,475934.958370
2026-08-09 02:40:00,-0.001200,362074.221661
2026-08-09 02:50:00,-0.000700,203609.297626
2026-08-09 03:00:00,0.003400,
2026-08-09 03:10:00,0.001700,
2026-08-09 03:20:00,-0.009400,662670.451421
2026-08-09 03:30:00,0.000700,260044.459872
2026-08-09 03:40:00,-0.004400,260044.459872
2026-08-09 03:50:00,0.001700,
2026-08-09 04:00:00,-0.000400,341820.106982
2026-08-09 04:10:00,-0.001400,260044.459872
2026-08-09 04:20:00,0.002100,
2026-08-09 04:30:00,-0.001700,
2026-08-09 04:40:00,-0.000300,
2026-08-09 04:50:00,0.001800,267637.895194
2026-08-09 05:00:00,0.001700,475934.958370
2026-08-09 05:10:00,-0.001100,846345.336987
2026-08-09 05:20:00,0.004400,
2026-08-09 05:30:00,0.000100,
2026-08-09 05:40:00,0.002500,
2026-08-09 05:50:00,0.002100,
2026-08-09 06:00:00,0.004100,
2026-08-09 06:10:00,-0.003500,
2026-08-09 06:20:00,0.004100,
2026-08-09 06:30:00,0.004900,
2026-08-09 06:40:00,0.002100,
2026-08-09 06:50:00,0.001100,
2026-08-09 07:00:00,0.003300,
2026-08-09 07:10:00,0.004300,
2026-08-09 07:20:00,0.000100,
2026-08-09 07:30:00,0.000100,
2026-08-09 07:40:00,-0.001400,
2026-08-09 07:50:00,-0.001200,607851.658183
2026-08-09 08:00:00,-0.002600,
2026-08-09 08:10:00,0.002200,
2026-08-09 08:20:00,-0.000300,
2026-08-09 08:30:00,0.003900,489832.510064
2026-08-09 08:40:00,0.004200,462431.708685
2026-08-09 08:50:00,0.002200,504135.877595
2026-08-09 09:00:00,-0.000400,
2026-08-09 09:10:00,0.002600,362074.221661
2026-08-09 09:20:00,0.001700,291774.682915
2026-08-09 09:30:00,0.001100,531161.086021
2026-08-09 09:40:00,-0.003800,
2026-08-09 09:50:00,-0.001700,231764.868817
2026-08-09 10:00:00,0.003900,286072.591486
2026-08-09 10:10:00,-0.002000,181466.977522
2026-08-09 10:20:00,-0.001200,168775.570054
2026-08-09 10:30:00,-0.003100,140314.079074
2026-08-09 10:40:00,0.000700,
2026-08-09 10:50:00,0.005200,
2026-08-09 11:00:00,0.013500,
2026-08-09 11:10:00,0.005700,
2026-08-09 11:20:00,0.004400,
2026-08-09 11:30:00,0.004600,
2026-08-09 11:40:00,0.012100,
2026-08-09 11:50:00,0.010800,
2026-08-09 12:00:00,0.006700,
2026-08-09 12:10:00,0.005100,
2026-08-09 12:20:00,0.004900,
2026-08-09 12:30:00,0.000100,
2026-08-09 12:40:00,0.004200,
2026-08-09 12:50:00,0.008500,
2026-08-09 13:00:00,0.008900,
2026-08-09 13:10:00,0.008000,
2026-08-09 13:20:00,0.008100,
2026-08-09 13:30:00,0.008800,
2026-08-09 13:40:00,0.006100,
2026-08-09 13:50:00,0.009400,
2026-08-09 14:00:00,0.006700,
2026-08-09 14:10:00,0.006500,
2026-08-09 14:20:00,0.006200,
2026-08-09 14:30:00,0.000800,
2026-08-09 14:40:00,0.007700,
2026-08-09 14:50:00,0.014500,
2026-08-09 15:00:00,0.011300,
2026-08-09 15:10:00,0.006100,
2026-08-09 15:20:00,0.003900,
2026-08-09 15:30:00,0.005000,
2026-08-09 15:40:00,0.006200,
2026-08-09 15:50:00,-0.000100,
2026-08-09 16:00:00,0.004900,
2026-08-09 16:10:00,-0.000200,
2026-08-09 16:20:00,0.003700,
2026-08-09 16:30:00,0.003500,
2026-08-09 16:40:00,0.002500,
2026-08-09 16:50:00,0.001500,
2026-08-09 17:00:00,0.001000,341820.106982
2026-08-09 17:10:00,-0.000500,150437.222969
2026-08-09 17:20:00,0.000900,237260.941914
2026-08-09 17:30:00,0.005700,
2026-08-09 17:40:00,0.004900,
2026-08-09 17:50:00,0.000100,412142.694188
2026-08-09 18:00:00,0.007300,
2026-08-09 18:10:00,0.000400,277290.239926
2026-08-09 18:20:00,-0.010700,132565.944861
2026-08-09 18:30:00,-0.010700,108191.525307
2026-08-09 18:40:00,-0.008800,123914.862107
2026-08-09 18:50:00,-0.011900,541748.360601
2026-08-09 19:00:00,-0.005700,
2026-08-09 19:10:00,-0.005200,449311.573854
2026-08-09 19:20:00,-0.002100,
2026-08-09 19:30:00,-0.004900,
2026-08-09 19:40:00,-0.001200,
2026-08-09 19:50:00,-0.008900,
2026-08-09 20:00:00,-0.002900,
2026-08-09 20:10:00,-0.005800,299411.113828
2026-08-09 20:20:00,-0.002600,117841.321940
2026-08-09 20:30:00,0.003300,
2026-08-09 20:40:00,0.002600,197832.484774
2026-08-09 20:50:00,0.000600,260044.459872
2026-08-09 21:00:00,0.004500,203609.297626
2026-08-09 21:10:00,0.000000,252196.035334
2026-08-09 21:20:00,0.002400,196777.867693
2026-08-09 21:30:00,0.000100,776332.210647
2026-08-09 21:40:00,0.004400,176318.387648
2026-08-09 21:50:00,-0.002300,573848.969076
2026-08-09 22:00:00,0.000100,393566.311740
2026-08-09 22:10:00,-0.003400,590605.661503
2026-08-09 22:20:00,0.002200,462431.708685
2026-08-09 22:30:00,0.001400,436563.684123
2026-08-09 22:40:00,0.007800,
2026-08-09 22:50:00,0.004400,
2026-08-09 23:00:00,0.004900,
2026-08-09 23:10:00,0.008600,449311.573854
2026-08-09 23:20:00,0.003900,351801.434311
2026-08-09 23:30:00,0.004900,362074.221661
2026-08-09 23:40:00,0.004000,424963.128146
2026-08-09 23:50:00,0.005100,275453.062831
2026-08-10 00:00:00,0.002500,245497.800660
2026-08-10 00:10:00,0.003200,260044.459872
2026-08-10 00:20:00,-0.004200,351801.434311
2026-08-10 00:30:00,0.002000,449311.573854
2026-08-10 00:40:00,0.000700,449311.573854
2026-08-10 00:50:00,-0.003100,341820.106982
2026-08-10 01:00:00,-0.005900,
2026-08-10 01:10:00,-0.003500,475934.958370
2026-08-10 01:20:00,-0.001900,
2026-08-10 01:30:00,0.004400,
2026-08-10 01:40:00,0.004400,
2026-08-10 01:50:00,0.003600,475934.958370
2026-08-10 02:00:00,0.000100,
2026-08-10 02:10:00,0.002500,
2026-08-10 02:20:00,-0.002200,
2026-08-10 02:30:00,0.004600,
2026-08-10 02:40:00,0.003200,
2026-08-10 02:50:00,0.002200,
2026-08-10 03:00:00,0.000100,
2026-08-10 03:10:00,0.001700,
2026-08-10 03:20:00,0.002000,
2026-08-10 03:30:00,0.002200,
2026-08-10 03:40:00,0.002200,
2026-08-10 03:50:00,0.001400,
2026-08-10 04:00:00,0.006000,
2026-08-10 04:10:00,0.003300,
2026-08-10 04:20:00,-0.000300,
2026-08-10 04:30:00,0.004800,
2026-08-10 04:40:00,-0.000500,
2026-08-10 04:50:00,0.003200,
2026-08-10 05:00:00,-0.000000,
2026-08-10 05:10:00,-0.001600,
2026-08-10 05:20:00,-0.002200,
2026-08-10 05:30:00,-0.002700,
2026-08-10 05:40:00,-0.005600,
2026-08-10 05:50:00,0.000400,
2026-08-10 06:00:00,0.001200,
2026-08-10 06:10:00,0.000900,
2026-08-10 06:20:00,-0.003700,
2026-08-10 06:30:00,0.003200,
2026-08-10 06:40:00,-0.004200,
2026-08-10 06:50:00,-0.007300,
2026-08-10 07:00:00,-0.001300,
2026-08-10 07:10:00,0.000600,
2026-08-10 07:20:00,-0.000200,
2026-08-10 07:30:00,0.001200,
2026-08-10 07:40:00,0.003300,
2026-08-10 07:50:00,0.004800,
2026-08-10 08:00:00,0.003200,
2026-08-10 08:10:00,0.002500,
2026-08-10 08:20:00,0.004600,
2026-08-10 08:30:00,0.004600,
2026-08-10 08:40:00,0.006300,
2026-08-10 08:50:00,0.004800,
2026-08-10 09:00:00,0.006500,
2026-08-10 09:10:00,0.010100,
2026-08-10 09:20:00,0.012000,
2026-08-10 09:30:00,0.017100,
2026-08-10 09:40:00,0.009400,
2026-08-10 09:50:00,0.015200,
2026-08-10 10:00:00,0.010700,
2026-08-10 10:10:00,0.007800,
2026-08-10 10:20:00,0.014900,
2026-08-10 10:30:00,0.014300,
2026-08-10 10:40:00,0.011900,
2026-08-10 10:50:00,0.012500,
2026-08-10 11:00:00,0.012800,
2026-08-10 11:10:00,0.012300,
2026-08-10 11:20:00,0.012600,
2026-08-10 11:30:00,0.011500,
2026-08-10 11:40:00,0.004000,
2026-08-10 11:50:00,0.006100,
2026-08-10 12:00:00,0.006900,
2026-08-10 12:10:00,0.004700,
2026-08-10 12:20:00,0.003200,
2026-08-10 12:30:00,0.005800,
2026-08-10 12:40:00,0.011400,
2026-08-10 12:50:00,0.007300,
2026-08-10 13:00:00,0.005900,
2026-08-10 13:10:00,0.004100,
2026-08-10 13:20:00,0.005200,
2026-08-10 13:30:00,-0.003700,
2026-08-10 13:40:00,0.004900,
2026-08-10 13:50:00,0.000500,
2026-08-10 14:00:00,0.001700,
2026-08-10 14:10:00,0.004700,
2026-08-10 14:20:00,-0.001000,
2026-08-10 14:30:00,0.006100,
2026-08-10 14:40:00,0.005500,
2026-08-10 14:50:00,0.005200,
2026-08-10 15:00:00,0.003800,
2026-08-10 15:10:00,0.003100,
2026-08-10 15:20:00,0.005600,
2026-08-10 15:30:00,0.000400,
2026-08-10 15:40:00,0.004900,
2026-08-10 15:50:00,0.001000,
2026-08-10 16:00:00,0.009400,
2026-08-10 16:10:00,0.006200,
2026-08-10 16:20:00,0.014900,
2026-08-10 16:30:00,0.010800,
2026-08-10 16:40:00,0.007600,
2026-08-10 16:50:00,0.009200,
2026-08-10 17:00:00,0.009000,
2026-08-10 17:10:00,0.010300,
2026-08-10 17:20:00,0.011000,82233.278610
2026-08-10 17:30:00,0.009400,246810.285803
2026-08-10 17:40:00,0.010800,
2026-08-10 17:50:00,0.006100,332121.970354
2026-08-10 18:00:00,0.005800,138053.558554
2026-08-10 18:10:00,0.009300,
2026-08-10 18:20:00,0.008900,282662.318490
2026-08-10 18:30:00,0.008100,
2026-08-10 18:40:00,0.003500,
2026-08-10 18:50:00,0.002400,
2026-08-10 19:00:00,0.000700,449311.573854
2026-08-10 19:10:00,0.008100,322698.989729
2026-08-10 19:20:00,0.007000,231764.868817
2026-08-10 19:30:00,0.000800,
2026-08-10 19:40:00,0.003300,871059.067015
2026-08-10 19:50:00,0.009800,203609.297626
2026-08-10 20:00:00,0.003400,462431.708685
2026-08-10 20:10:00,0.008100,
2026-08-10 20:20:00,0.002200,
2026-08-10 20:30:00,0.006600,
2026-08-10 20:40:00,0.000400,362074.221661
2026-08-10 20:50:00,0.004900,192219.571937
2026-08-10 21:00:00,0.007200,
2026-08-10 21:10:00,0.005100,362074.221661
2026-08-10 21:20:00,0.004400,462431.708685
2026-08-10 21:30:00,0.002800,475934.958370
2026-08-10 21:40:00,0.003400,489832.510064
2026-08-10 21:50:00,0.006400,489832.510064
2026-08-10 22:00:00,0.007900,
2026-08-10 22:10:00,0.003500,
2026-08-10 22:20:00,0.000900,
2026-08-10 22:30:00,0.009300,
2026-08-10 22:40:00,0.008900,
2026-08-10 22:50:00,0.010300,
2026-08-10 23:00:00,0.005000,
2026-08-10 23:10:00,0.009500,
2026-08-10 23:20:00,0.011100,
2026-08-10 23:30:00,0.007500,
2026-08-10 23:40:00,0.004100,
2026-08-10 23:50:00,0.006500,
2026-08-11 00:00:00,0.010000,
2026-08-11 00:10:00,0.007100,
2026-08-11 00:20:00,0.004200,
2026-08-11 00:30:00,0.007300,
2026-08-11 00:40:00,0.006200,
2026-08-11 00:50:00,0.007800,
2026-08-11 01:00:00,0.008100,
2026-08-11 01:10:00,0.005300,
2026-08-11 01:20:00,0.005600,
2026-08-11 01:30:00,0.002100,
2026-08-11 01:40:00,0.005900,
2026-08-11 01:50:00,0.003400,
2026-08-11 02:00:00,0.007300,
2026-08-11 02:10:00,0.007400,
2026-08-11 02:20:00,0.005000,
2026-08-11 02:30:00,0.003000,
2026-08-11 02:40:00,0.011000,
2026-08-11 02:50:00,0.008500,
2026-08-11 03:00:00,0.008300,
2026-08-11 03:10:00,0.012200,
2026-08-11 03:20:00,0.006400,
2026-08-11 03:30:00,0.005900,
2026-08-11 03:40:00,0.005800,
2026-08-11 03:50:00,0.003800,
2026-08-11 04:00:00,0.005600,
2026-08-11 04:10:00,0.002100,
2026-08-11 04:20:00,0.002300,
2026-08-11 04:30:00,0.004600,
2026-08-11 04:40:00,0.002900,
2026-08-11 04:50:00,0.004400,
2026-08-11 05:00:00,0.005300,
2026-08-11 05:10:00,0.004900,
2026-08-11 05:20:00,0.004100,
2026-08-11 05:30:00,0.004300,
2026-08-11 05:40:00,0.002400,
2026-08-11 05:50:00,0.004000,
2026-08-11 06:00:00,0.001800,
2026-08-11 06:10:00,0.002800,
2026-08-11 06:20:00,0.005000,
2026-08-11 06:30:00,0.001100,
2026-08-11 06:40:00,-0.000900,
2026-08-11 06:50:00,0.001800,
2026-08-11 07:00:00,0.001200,
2026-08-11 07:10:00,-0.000300,
2026-08-11 07:20:00,0.001400,
2026-08-11 07:30:00,-0.004100,
2026-08-11 07:40:00,-0.002400,
2026-08-11 07:50:00,-0.001900,
2026-08-11 08:00:00,-0.000300,
2026-08-11 08:10:00,-0.001600,
2026-08-11 08:20:00,-0.003000,
2026-08-11 08:30:00,0.003400,
2026-08-11 08:40:00,0.007200,
2026-08-11 08:50:00,0.008700,
2026-08-11 09:00:00,0.005200,
2026-08-11 09:10:00,0.005700,
2026-08-11 09:20:00,0.005700,
2026-08-11 09:30:00,0.008400,
2026-08-11 09:40:00,0.006000,
2026-08-11 09:50:00,0.004800,
2026-08-11 10:00:00,-0.000400,
2026-08-11 10:10:00,-0.002800,
2026-08-11 10:20:00,0.003700,
2026-08-11 10:30:00,-0.000200,
2026-08-11 10:40:00,-0.000900,
2026-08-11 10:50:00,-0.003200,
2026-08-11 11:00:00,-0.003400,
2026-08-11 11:10:00,-0.007500,217112.377698
2026-08-11 11:20:00,-0.009100,183996.509166
2026-08-11 11:30:00,-0.006200,400449.361711
2026-08-11 11:40:00,-0.003000,131971.547073
2026-08-11 11:50:00,-0.004300,168371.242527
2026-08-11 12:00:00,-0.000300,148272.149487
2026-08-11 12:10:00,-0.000600,625601.247058
2026-08-11 12:20:00,0.004500,
2026-08-11 12:30:00,0.001300,
2026-08-11 12:40:00,0.003300,
2026-08-11 12:50:00,-0.007300,
2026-08-11 13:00:00,-0.006100,
2026-08-11 13:10:00,-0.007400,
2026-08-11 13:20:00,0.001900,
2026-08-11 13:30:00,-0.004600,
2026-08-11 13:40:00,-0.005800,
2026-08-11 13:50:00,-0.004600,
2026-08-11 14:00:00,-0.002300,
2026-08-11 14:10:00,-0.005300,
2026-08-11 14:20:00,-0.004000,
2026-08-11 14:30:00,-0.006100,
2026-08-11 14:40:00,-0.005700,
2026-08-11 14:50:00,-0.013200,
2026-08-11 15:00:00,-0.001000,
2026-08-11 15:10:00,0.004100,
2026-08-11 15:20:00,-0.002700,
2026-08-11 15:30:00,-0.005500,
2026-08-11 15:40:00,-0.008900,
2026-08-11 15:50:00,-0.007500,
2026-08-11 16:00:00,-0.003800,
2026-08-11 16:10:00,-0.009400,
2026-08-11 16:20:00,-0.007900,
2026-08-11 16:30:00,-0.007700,
2026-08-11 16:40:00,-0.008200,
2026-08-11 16:50:00,-0.010500,
2026-08-11 17:00:00,-0.013300,
2026-08-11 17:10:00,-0.009000,
2026-08-11 17:20:00,-0.009300,
2026-08-11 17:30:00,-0.007300,
2026-08-11 17:40:00,-0.003300,
2026-08-11 17:50:00,-0.003100,
2026-08-11 18:00:00,-0.002500,
2026-08-11 18:10:00,-0.003600,
2026-08-11 18:20:00,0.001300,
2026-08-11 18:30:00,-0.000200,
2026-08-11 18:40:00,0.001100,85608.702895
2026-08-11 18:50:00,-0.003100,120635.811556
2026-08-11 19:00:00,-0.001500,101008.256700
2026-08-11 19:10:00,-0.004200,
2026-08-11 19:20:00,-0.002900,
2026-08-11 19:30:00,0.001600,
2026-08-11 19:40:00,0.002200,
2026-08-11 19:50:00,0.002800,
2026-08-11 20:00:00,-0.000700,
2026-08-11 20:10:00,-0.000300,
2026-08-11 20:20:00,0.002500,
2026-08-11 20:30:00,0.004000,
2026-08-11 20:40:00,0.006700,
2026-08-11 20:50:00,0.008000,
2026-08-11 21:00:00,0.007200,
2026-08-11 21:10:00,0.005200,
2026-08-11 21:20:00,0.000500,
2026-08-11 21:30:00,0.005800,
2026-08-11 21:40:00,0.002900,
2026-08-11 21:50:00,0.003800,
2026-08-11 22:00:00,0.003600,
2026-08-11 22:10:00,0.003200,
2026-08-11 22:20:00,0.002000,
2026-08-11 22:30:00,0.004900,
2026-08-11 22:40:00,0.004300,
2026-08-11 22:50:00,0.003000,
2026-08-11 23:00:00,0.001600,
2026-08-11 23:10:00,0.009300,
2026-08-11 23:20:00,-0.000300,
2026-08-11 23:30:00,0.006500,
2026-08-11 23:40:00,-0.001000,
2026-08-11 23:50:00,-0.003800,
2026-08-12 00:00:00,-0.000900,
2026-08-12 00:10:00,0.000800,
2026-08-12 00:20:00,-0.000000,
2026-08-12 00:30:00,-0.002300,
2026-08-12 00:40:00,0.002700,
2026-08-12 00:50:00,-0.000900,
2026-08-12 01:00:00,0.000600,
2026-08-12 01:10:00,-0.006300,
2026-08-12 01:20:00,-0.006700,
2026-08-12 01:30:00,0.000400,
2026-08-12 01:40:00,0.001500,
2026-08-12 01:50:00,0.000300,
2026-08-12 02:00:00,0.006400,
2026-08-12 02:10:00,0.004400,
2026-08-12 02:20:00,0.004800,
2026-08-12 02:30:00,0.005000,
2026-08-12 02:40:00,0.004900,
2026-08-12 02:50:00,0.006400,
2026-08-12 03:00:00,0.007800,
2026-08-12 03:10:00,0.009300,
2026-08-12 03:20:00,0.005200,
2026-08-12 03:30:00,0.000900,
2026-08-12 03:40:00,-0.000400,
2026-08-12 03:50:00,-0.000900,
2026-08-12 04:00:00,0.004100,
2026-08-12 04:10:00,0.004100,
2026-08-12 04:20:00,0.002600,
2026-08-12 04:30:00,0.005000,
2026-08-12 04:40:00,0.000300,
2026-08-12 04:50:00,0.001100,
2026-08-12 05:00:00,-0.000900,
2026-08-12 05:10:00,0.006500,
2026-08-12 05:20:00,0.003400,
2026-08-12 05:30:00,0.003300,
2026-08-12 05:40:00,0.004800,
2026-08-12 05:50:00,0.006100,
2026-08-12 06:00:00,0.005200,
2026-08-12 06:10:00,0.007900,
2026-08-12 06:20:00,0.005400,
2026-08-12 06:30:00,0.004200,
2026-08-12 06:40:00,0.007800,
2026-08-12 06:50:00,0.004000,
2026-08-12 07:00:00,0.007100,
2026-08-12 07:10:00,0.007900,
2026-08-12 07:20:00,0.004200,
2026-08-12 07:30:00,0.003200,
2026-08-12 07:40:00,0.006800,
2026-08-12 07:50:00,0.002200,
2026-08-12 08:00:00,0.002100,
2026-08-12 08:10:00,0.004500,
2026-08-12 08:20:00,0.003900,
2026-08-12 08:30:00,0.002500,
2026-08-12 08:40:00,0.005200,
2026-08-12 08:50:00,0.009500,
2026-08-12 09:00:00,0.004000,1050261.887303
2026-08-12 09:10:00,0.005400,
2026-08-12 09:20:00,0.005100,290916.207208
2026-08-12 09:30:00,0.000000,279445.812290
2026-08-12 09:40:00,0.001100,146844.226407
2026-08-12 09:50:00,-0.001000,
2026-08-12 10:00:00,0.000100,
2026-08-12 10:10:00,0.000200,
2026-08-12 10:20:00,0.002700,198198.904731
2026-08-12 10:30:00,0.003100,
2026-08-12 10:40:00,0.003600,
2026-08-12 10:50:00,0.007500,
2026-08-12 11:00:00,0.005800,
2026-08-12 11:10:00,0.002100,
2026-08-12 11:20:00,0.005700,
2026-08-12 11:30:00,0.002800,
2026-08-12 11:40:00,0.004000,
2026-08-12 11:50:00,0.001000,
2026-08-12 12:00:00,-0.003600,
2026-08-12 12:10:00,-0.003900,
2026-08-12 12:20:00,0.014200,
2026-08-12 12:30:00,-0.000100,
2026-08-12 12:40:00,-0.006600,
2026-08-12 12:50:00,-0.000400,
2026-08-12 13:00:00,-0.003400,
2026-08-12 13:10:00,-0.001200,
2026-08-12 13:20:00,0.000800,
2026-08-12 13:30:00,0.000600,
2026-08-12 13:40:00,0.004000,
2026-08-12 13:50:00,0.000200,
2026-08-12 14:00:00,0.006500,
2026-08-12 14:10:00,0.007500,
2026-08-12 14:20:00,0.008400,
2026-08-12 14:30:00,0.008700,
2026-08-12 14:40:00,0.005900,
2026-08-12 14:50:00,0.005400,
2026-08-12 15:00:00,0.007000,
2026-08-12 15:10:00,0.006900,
2026-08-12 15:20:00,0.006800,
2026-08-12 15:30:00,0.005400,
2026-08-12 15:40:00,0.012300,
2026-08-12 15:50:00,0.007300,
2026-08-12 16:00:00,0.006300,
2026-08-12 16:10:00,0.000200,
2026-08-12 16:20:00,-0.006900,
2026-08-12 16:30:00,-0.000600,
2026-08-12 16:40:00,0.007000,
2026-08-12 16:50:00,0.003600,
2026-08-12 17:00:00,-0.019300,
2026-08-12 17:10:00,-0.007600,
2026-08-12 17:20:00,-0.007900,
2026-08-12 17:30:00,-0.007200,
2026-08-12 17:40:00,-0.008200,
2026-08-12 17:50:00,-0.013400,
2026-08-12 18:00:00,-0.008100,
2026-08-12 18:10:00,-0.009600,
2026-08-12 18:20:00,-0.004600,
2026-08-12 18:30:00,-0.002300,
2026-08-12 18:40:00,-0.010100,
2026-08-12 18:50:00,-0.007700,
2026-08-12 19:00:00,-0.023900,
2026-08-12 19:10:00,-0.018000,
2026-08-12 19:20:00,-0.008600,
2026-08-12 19:30:00,-0.006100,
2026-08-12 19:40:00,-0.005200,
2026-08-12 19:50:00,-0.003500,
2026-08-12 20:00:00,-0.002300,
2026-08-12 20:10:00,-0.002000,
2026-08-12 20:20:00,-0.000700,
2026-08-12 20:30:00,-0.001300,
2026-08-12 20:40:00,-0.001200,
2026-08-12 20:50:00,0.003000,
2026-08-12 21:00:00,-0.001200,
2026-08-12 21:10:00,-0.000600,
2026-08-12 21:20:00,0.000000,
2026-08-12 21:30:00,0.001200,
2026-08-12 21:40:00,-0.004200,
2026-08-12 21:50:00,-0.002300,
2026-08-12 22:00:00,-0.004600,
2026-08-12 22:10:00,-0.002200,
2026-08-12 22:20:00,-0.004800,
2026-08-12 22:30:00,-0.002900,
2026-08-12 22:40:00,0.000700,
2026-08-12 22:50:00,-0.003300,
2026-08-12 23:00:00,-0.001400,
2026-08-12 23:10:00,-0.000300,
2026-08-12 23:20:00,0.001700,
2026-08-12 23:30:00,0.000100,
2026-08-12 23:40:00,0.003200,
2026-08-12 23:50:00,-0.000700,
2026-08-13 00:00:00,-0.001900,
2026-08-13 00:10:00,-0.002800,
2026-08-13 00:20:00,0.002200,
2026-08-13 00:30:00,-0.005000,
2026-08-13 00:40:00,-0.004400,
2026-08-13 00:50:00,-0.003000,
2026-08-13 01:00:00,-0.000800,
2026-08-13 01:10:00,-0.001700,
2026-08-13 01:20:00,0.002600,
2026-08-13 01:30:00,-0.007500,
2026-08-13 01:40:00,-0.005600,
2026-08-13 01:50:00,-0.002000,
2026-08-13 02:00:00,-0.003600,
2026-08-13 02:10:00,-0.005900,
2026-08-13 02:20:00,-0.001900,
2026-08-13 02:30:00,0.001400,
2026-08-13 02:40:00,0.006000,
2026-08-13 02:50:00,-0.008600,
2026-08-13 03:00:00,-0.002800,
2026-08-13 03:10:00,-0.004300,
2026-08-13 03:20:00,-0.003400,
2026-08-13 03:30:00,-0.002000,
2026-08-13 03:40:00,0.003200,
2026-08-13 03:50:00,-0.006300,
2026-08-13 04:00:00,0.000700,
2026-08-13 04:10:00,-0.000400,
2026-08-13 04:20:00,-0.002900,
2026-08-13 04:30:00,-0.001900,
2026-08-13 04:40:00,-0.004000,
2026-08-13 04:50:00,-0.003300,
2026-08-13 05:00:00,-0.003300,
2026-08-13 05:10:00,-0.002500,
2026-08-13 05:20:00,-0.001300,
2026-08-13 05:30:00,0.002100,
2026-08-13 05:40:00,0.000400,
2026-08-13 05:50:00,-0.000900,
2026-08-13 06:00:00,0.002200,
2026-08-13 06:10:00,0.000100,
2026-08-13 06:20:00,-0.003500,
2026-08-13 06:30:00,-0.002400,
2026-08-13 06:40:00,-0.006800,
2026-08-13 06:50:00,-0.004700,
2026-08-13 07:00:00,-0.001000,
2026-08-13 07:10:00,-0.000700,
2026-08-13 07:20:00,-0.002300,
2026-08-13 07:30:00,-0.002500,
2026-08-13 07:40:00,-0.000600,
2026-08-13 07:50:00,-0.002900,
2026-08-13 08:00:00,-0.002000,
2026-08-13 08:10:00,-0.003400,
2026-08-13 08:20:00,-0.003500,
2026-08-13 08:30:00,-0.001700,
2026-08-13 08:40:00,0.000500,
2026-08-13 08:50:00,-0.001300,
2026-08-13 09:00:00,-0.001000,
2026-08-13 09:10:00,-0.003800,
2026-08-13 09:20:00,-0.001000,
2026-08-13 09:30:00,-0.002800,
2026-08-13 09:40:00,-0.003200,
2026-08-13 09:50:00,0.002400,1548986.403801
2026-08-13 10:00:00,0.003700,397360.399418
2026-08-13 10:10:00,-0.004300,461570.723856
2026-08-13 10:20:00,-0.002400,231637.881071
2026-08-13 10:30:00,0.003400,
2026-08-13 10:40:00,0.002000,
2026-08-13 10:50:00,0.004200,488603.044752
2026-08-13 11:00:00,0.004500,
2026-08-13 11:10:00,-0.004500,
2026-08-13 11:20:00,-0.006400,
2026-08-13 11:30:00,-0.001500,269875.131629
2026-08-13 11:40:00,0.003600,
2026-08-13 11:50:00,0.001100,
2026-08-13 12:00:00,0.000700,
2026-08-13 12:10:00,0.001900,
2026-08-13 12:20:00,0.000300,
2026-08-13 12:30:00,0.002700,
2026-08-13 12:40:00,-0.001500,
2026-08-13 12:50:00,-0.004400,
2026-08-13 13:00:00,-0.013500,
2026-08-13 13:10:00,0.000800,
2026-08-13 13:20:00,-0.001900,
2026-08-13 13:30:00,0.001500,
2026-08-13 13:40:00,0.004100,
2026-08-13 13:50:00,0.005000,
2026-08-13 14:00:00,0.000100,
2026-08-13 14:10:00,-0.003000,
2026-08-13 14:20:00,0.004100,
2026-08-13 14:30:00,-0.000700,
2026-08-13 14:40:00,0.001700,
2026-08-13 14:50:00,0.004800,
2026-08-13 15:00:00,0.004000,
2026-08-13 15:10:00,0.003500,
2026-08-13 15:20:00,-0.002600,
2026-08-13 15:30:00,-0.002200,
2026-08-13 15:40:00,-0.004300,
2026-08-13 15:50:00,-0.005800,
2026-08-13 16:00:00,0.003200,
2026-08-13 16:10:00,0.006800,
2026-08-13 16:20:00,0.005000,
2026-08-13 16:30:00,-0.002700,
2026-08-13 16:40:00,-0.013500,
2026-08-13 16:50:00,-0.007600,
2026-08-13 17:00:00,-0.012600,
2026-08-13 17:10:00,-0.011300,
2026-08-13 17:20:00,-0.019300,
2026-08-13 17:30:00,-0.013700,
2026-08-13 17:40:00,-0.015800,
2026-08-13 17:50:00,-0.016400,
2026-08-13 18:00:00,-0.016200,
2026-08-13 18:10:00,-0.003000,
2026-08-13 18:20:00,-0.007400,
2026-08-13 18:30:00,-0.006100,
2026-08-13 18:40:00,-0.008900,
2026-08-13 18:50:00,-0.008900,
2026-08-13 19:00:00,-0.012400,
2026-08-13 19:10:00,-0.006700,
2026-08-13 19:20:00,-0.019400,
2026-08-13 19:30:00,-0.002600,
2026-08-13 19:40:00,-0.001600,
2026-08-13 19:50:00,-0.008800,
2026-08-13 20:00:00,-0.002700,
2026-08-13 20:10:00,-0.004000,
2026-08-13 20:20:00,-0.003000,
2026-08-13 20:30:00,-0.000800,
2026-08-13 20:40:00,-0.002400,
2026-08-13 20:50:00,-0.004600,
2026-08-13 21:00:00,-0.006000,
2026-08-13 21:10:00,-0.007500,
2026-08-13 21:20:00,-0.004900,
2026-08-13 21:30:00,-0.001600,
2026-08-13 21:40:00,0.000700,
2026-08-13 21:50:00,-0.000400,
2026-08-13 22:00:00,0.003900,
2026-08-13 22:10:00,0.005500,
2026-08-13 22:20:00,-0.001900,
2026-08-13 22:30:00,-0.002100,
2026-08-13 22:40:00,0.002000,
2026-08-13 22:50:00,0.004600,
2026-08-13 23:00:00,0.007600,
2026-08-13 23:10:00,0.008200,
2026-08-13 23:20:00,0.008800,
2026-08-13 23:30:00,0.006200,
2026-08-13 23:40:00,-0.000300,
2026-08-13 23:50:00,-0.006200,
2026-08-14 00:00:00,-0.000300,
2026-08-14 00:10:00,-0.002400,
2026-08-14 00:20:00,0.001700,
2026-08-14 00:30:00,0.004300,
2026-08-14 00:40:00,0.005700,
2026-08-14 00:50:00,0.003400,
2026-08-14 01:00:00,0.001800,
2026-08-14 01:10:00,0.000900,
2026-08-14 01:20:00,0.007500,
2026-08-14 01:30:00,0.008100,
2026-08-14 01:40:00,0.003600,
2026-08-14 01:50:00,0.001900,
2026-08-14 02:00:00,-0.000500,
2026-08-14 02:10:00,-0.002900,
2026-08-14 02:20:00,-0.000100,
2026-08-14 02:30:00,0.000500,
2026-08-14 02:40:00,0.000700,
2026-08-14 02:50:00,0.004000,
2026-08-14 03:00:00,0.002000,
2026-08-14 03:10:00,0.000200,
2026-08-14 03:20:00,0.001500,
2026-08-14 03:30:00,-0.000700,
2026-08-14 03:40:00,-0.000100,
2026-08-14 03:50:00,-0.007500,
2026-08-14 04:00:00,-0.006700,
2026-08-14 04:10:00,-0.008300,
2026-08-14 04:20:00,-0.000500,
2026-08-14 04:30:00,-0.000400,
2026-08-14 04:40:00,-0.005400,
2026-08-14 04:50:00,-0.010600,
2026-08-14 05:00:00,-0.005200,
2026-08-14 05:10:00,-0.002100,
2026-08-14 05:20:00,-0.001700,
2026-08-14 05:30:00,0.000600,
2026-08-14 05:40:00,0.001500,
2026-08-14 05:50:00,-0.003700,
2026-08-14 06:00:00,-0.001500,
2026-08-14 06:10:00,-0.003100,
2026-08-14 06:20:00,0.001700,
2026-08-14 06:30:00,-0.010900,
2026-08-14 06:40:00,-0.010200,
2026-08-14 06:50:00,-0.007700,
2026-08-14 07:00:00,-0.007100,
2026-08-14 07:10:00,-0.002000,
2026-08-14 07:20:00,-0.004900,
2026-08-14 07:30:00,-0.004900,
2026-08-14 07:40:00,-0.004200,
2026-08-14 07:50:00,-0.007700,
2026-08-14 08:00:00,-0.009700,
2026-08-14 08:10:00,-0.004100,
2026-08-14 08:20:00,-0.002300,
2026-08-14 08:30:00,-0.005900,
2026-08-14 08:40:00,0.001400,
2026-08-14 08:50:00,0.003500,
2026-08-14 09:00:00,0.004800,
2026-08-14 09:10:00,0.001100,
2026-08-14 09:20:00,-0.002900,
2026-08-14 09:30:00,-0.007900,
2026-08-14 09:40:00,-0.008300,
2026-08-14 09:50:00,-0.005000,
2026-08-14 10:00:00,-0.003500,
2026-08-14 10:10:00,-0.000400,
2026-08-14 10:20:00,-0.005900,
2026-08-14 10:30:00,-0.006300,
2026-08-14 10:40:00,-0.009300,
2026-08-14 10:50:00,-0.006600,
2026-08-14 11:00:00,0.001900,
2026-08-14 11:10:00,-0.001800,
2026-08-14 11:20:00,-0.004400,
2026-08-14 11:30:00,0.004100,
2026-08-14 11:40:00,-0.007100,
2026-08-14 11:50:00,-0.009100,
2026-08-14 12:00:00,-0.004700,
2026-08-14 12:10:00,-0.008700,
2026-08-14 12:20:00,0.002400,
2026-08-14 12:30:00,0.005400,
2026-08-14 12:40:00,0.005200,
2026-08-14 12:50:00,-0.000700,
2026-08-14 13:00:00,-0.002900,
2026-08-14 13:10:00,-0.005900,
2026-08-14 13:20:00,-0.005900,
2026-08-14 13:30:00,-0.010200,
2026-08-14 13:40:00,-0.002700,
2026-08-14 13:50:00,-0.002900,
2026-08-14 14:00:00,-0.000400,
2026-08-14 14:10:00,0.005300,
2026-08-14 14:20:00,0.012900,
2026-08-14 14:30:00,0.000900,
2026-08-14 14:40:00,0.001900,
2026-08-14 14:50:00,-0.007300,
2026-08-14 15:00:00,-0.009200,
2026-08-14 15:10:00,0.007300,
2026-08-14 15:20:00,-0.003700,
2026-08-14 15:30:00,-0.004200,
2026-08-14 15:40:00,-0.008200,
2026-08-14 15:50:00,-0.015000,
2026-08-14 16:00:00,-0.005900,
2026-08-14 16:10:00,-0.012000,
2026-08-14 16:20:00,0.002400,
2026-08-14 16:30:00,0.006900,
2026-08-14 16:40:00,-0.006400,
2026-08-14 16:50:00,0.007600,
2026-08-14 17:00:00,-0.002600,
2026-08-14 17:10:00,-0.005900,
2026-08-14 17:20:00,-0.005500,
2026-08-14 17:30:00,-0.012100,
2026-08-14 17:40:00,-0.002700,
2026-08-14 17:50:00,-0.007700,
2026-08-14 18:00:00,-0.009100,
2026-08-14 18:10:00,-0.008200,
2026-08-14 18:20:00,-0.010500,
2026-08-14 18:30:00,-0.016100,
2026-08-14 18:40:00,-0.010100,
2026-08-14 18:50:00,-0.013300,
2026-08-14 19:00:00,0.000200,
2026-08-14 19:10:00,0.004900,
2026-08-14 19:20:00,-0.009500,
2026-08-14 19:30:00,-0.007800,
2026-08-14 19:40:00,-0.005200,
2026-08-14 19:50:00,-0.004400,
2026-08-14 20:00:00,-0.005700,
2026-08-14 20:10:00,-0.004400,
2026-08-14 20:20:00,-0.007700,
2026-08-14 20:30:00,-0.005300,
2026-08-14 20:40:00,-0.004800,
2026-08-14 20:50:00,-0.006700,
2026-08-14 21:00:00,-0.010400,
2026-08-14 21:10:00,-0.009200,
2026-08-14 21:20:00,-0.012400,
2026-08-14 21:30:00,-0.006300,
2026-08-14 21:40:00,-0.016400,
2026-08-14 21:50:00,-0.010500,
2026-08-14 22:00:00,-0.003400,
2026-08-14 22:10:00,-0.003000,
2026-08-14 22:20:00,-0.005000,
2026-08-14 22:30:00,-0.003600,
2026-08-14 22:40:00,-0.005500,
2026-08-14 22:50:00,-0.002700,
2026-08-14 23:00:00,-0.000900,
2026-08-14 23:10:00,-0.006300,
2026-08-14 23:20:00,-0.009200,
2026-08-14 23:30:00,-0.008800,
2026-08-14 23:40:00,-0.004800,
2026-08-14 23:50:00,-0.002500,
2026-08-15 00:00:00,-0.002500,
2026-08-15 00:10:00,0.005300,
2026-08-15 00:20:00,0.003600,
2026-08-15 00:30:00,0.006000,
2026-08-15 00:40:00,0.000900,
2026-08-15 00:50:00,0.000900,
2026-08-15 01:00:00,0.001400,
2026-08-15 01:10:00,0.001500,
2026-08-15 01:20:00,-0.002200,
2026-08-15 01:30:00,-0.002100,
2026-08-15 01:40:00,0.003100,
2026-08-15 01:50:00,0.000300,
2026-08-15 02:00:00,-0.000600,
2026-08-15 02:10:00,-0.001000,
2026-08-15 02:20:00,-0.000300,
2026-08-15 02:30:00,0.000700,
2026-08-15 02:40:00,-0.003000,
2026-08-15 02:50:00,0.000900,
2026-08-15 03:00:00,0.000400,
2026-08-15 03:10:00,-0.000100,
2026-08-15 03:20:00,-0.001400,
2026-08-15 03:30:00,0.000400,
2026-08-15 03:40:00,0.002500,
2026-08-15 03:50:00,0.005400,
2026-08-15 04:00:00,0.010600,
2026-08-15 04:10:00,0.003400,
2026-08-15 04:20:00,-0.000100,
2026-08-15 04:30:00,0.003700,
2026-08-15 04:40:00,0.000500,
2026-08-15 04:50:00,0.005000,
2026-08-15 05:00:00,0.004100,
2026-08-15 05:10:00,0.007600,
2026-08-15 05:20:00,0.001900,
2026-08-15 05:30:00,0.003700,
2026-08-15 05:40:00,0.002400,
2026-08-15 05:50:00,0.004100,
2026-08-15 06:00:00,0.005100,
2026-08-15 06:10:00,0.005600,
2026-08-15 06:20:00,0.002800,
2026-08-15 06:30:00,0.002600,
2026-08-15 06:40:00,-0.004600,
2026-08-15 06:50:00,0.000100,
2026-08-15 07:00:00,0.003400,
2026-08-15 07:10:00,0.003000,
2026-08-15 07:20:00,0.003600,
2026-08-15 07:30:00,0.000200,
2026-08-15 07:40:00,0.002800,
2026-08-15 07:50:00,0.001600,
2026-08-15 08:00:00,0.001200,
2026-08-15 08:10:00,0.003500,
2026-08-15 08:20:00,0.003000,
2026-08-15 08:30:00,0.006900,
2026-08-15 08:40:00,0.009200,
2026-08-15 08:50:00,0.002900,
2026-08-15 09:00:00,0.000600,
2026-08-15 09:10:00,0.001300,
2026-08-15 09:20:00,-0.002300,
2026-08-15 09:30:00,0.007400,
2026-08-15 09:40:00,0.009100,
2026-08-15 09:50:00,0.006900,
2026-08-15 10:00:00,0.006600,
2026-08-15 10:10:00,0.006400,
2026-08-15 10:20:00,0.011000,
2026-08-15 10:30:00,0.009100,
2026-08-15 10:40:00,0.009000,
2026-08-15 10:50:00,0.008600,
2026-08-15 11:00:00,0.010000,
2026-08-15 11:10:00,0.011900,
2026-08-15 11:20:00,0.013000,
2026-08-15 11:30:00,0.005900,
2026-08-15 11:40:00,0.007500,
2026-08-15 11:50:00,0.008800,
2026-08-15 12:00:00,0.009400,
2026-08-15 12:10:00,0.008300,
2026-08-15 12:20:00,0.008200,
2026-08-15 12:30:00,0.011500,
2026-08-15 12:40:00,0.011600,
2026-08-15 12:50:00,0.005000,
2026-08-15 13:00:00,0.005000,
2026-08-15 13:10:00,0.008000,
2026-08-15 13:20:00,0.008700,
2026-08-15 13:30:00,0.005100,
2026-08-15 13:40:00,0.012200,
2026-08-15 13:50:00,0.015100,
2026-08-15 14:00:00,0.012600,
2026-08-15 14:10:00,0.009200,
2026-08-15 14:20:00,0.014100,
2026-08-15 14:30:00,0.008700,
2026-08-15 14:40:00,0.012600,
2026-08-15 14:50:00,0.007500,
2026-08-15 15:00:00,0.006100,
2026-08-15 15:10:00,0.011100,
2026-08-15 15:20:00,0.003500,
2026-08-15 15:30:00,0.015500,
2026-08-15 15:40:00,0.012500,
2026-08-15 15:50:00,0.009100,
2026-08-15 16:00:00,0.013000,
2026-08-15 16:10:00,0.012500,
2026-08-15 16:20:00,0.014300,
2026-08-15 16:30:00,0.010200,
2026-08-15 16:40:00,0.013600,
2026-08-15 16:50:00,0.008900,
2026-08-15 17:00:00,0.009800,
2026-08-15 17:10:00,0.007800,
2026-08-15 17:20:00,0.004400,
2026-08-15 17:30:00,0.007200,
2026-08-15 17:40:00,0.003200,
2026-08-15 17:50:00,-0.018200,
2026-08-15 18:00:00,-0.007300,
2026-08-15 18:10:00,-0.006600,
2026-08-15 18:20:00,-0.003200,
2026-08-15 18:30:00,-0.000800,
2026-08-15 18:40:00,-0.001200,
2026-08-15 18:50:00,0.001700,
2026-08-15 19:00:00,0.000100,
2026-08-15 19:10:00,-0.000100,
2026-08-15 19:20:00,0.004600,
2026-08-15 19:30:00,0.004200,
2026-08-15 19:40:00,0.005900,
2026-08-15 19:50:00,0.004900,
2026-08-15 20:00:00,0.007500,
2026-08-15 20:10:00,0.009100,
2026-08-15 20:20:00,0.007700,
2026-08-15 20:30:00,0.005000,
2026-08-15 20:40:00,0.008500,
2026-08-15 20:50:00,0.004800,
2026-08-15 21:00:00,-0.000700,
2026-08-15 21:10:00,0.002200,
2026-08-15 21:20:00,0.005400,
2026-08-15 21:30:00,0.007600,
2026-08-15 21:40:00,0.004500,
2026-08-15 21:50:00,0.005200,
2026-08-15 22:00:00,0.006300,
2026-08-15 22:10:00,0.008700,
2026-08-15 22:20:00,0.008600,
2026-08-15 22:30:00,0.008700,
2026-08-15 22:40:00,0.003400,
2026-08-15 22:50:00,0.004700,
2026-08-15 23:00:00,0.007500,
2026-08-15 23:10:00,0.004500,
2026-08-15 23:20:00,0.003700,
2026-08-15 23:30:00,0.008200,
2026-08-15 23:40:00,0.003600,
2026-08-15 23:50:00,0.005800,
2026-08-16 00:00:00,0.004800,
2026-08-16 00:10:00,0.007500,
2026-08-16 00:20:00,0.011300,
2026-08-16 00:30:00,0.007000,
2026-08-16 00:40:00,0.008600,
2026-08-16 00:50:00,0.008200,
2026-08-16 01:00:00,0.008800,
2026-08-16 01:10:00,0.009100,
2026-08-16 01:20:00,0.008400,
2026-08-16 01:30:00,0.009200,
2026-08-16 01:40:00,0.012500,
2026-08-16 01:50:00,0.015600,
2026-08-16 02:00:00,0.008000,
2026-08-16 02:10:00,0.006800,
2026-08-16 02:20:00,0.008900,
2026-08-16 02:30:00,0.007800,
2026-08-16 02:40:00,0.011100,
2026-08-16 02:50:00,0.006300,
2026-08-16 03:00:00,0.008900,
2026-08-16 03:10:00,0.019900,
2026-08-16 03:20:00,0.013700,
2026-08-16 03:30:00,0.020600,
2026-08-16 03:40:00,0.016800,
2026-08-16 03:50:00,0.012300,
2026-08-16 04:00:00,0.009600,
2026-08-16 04:10:00,0.009800,
2026-08-16 04:20:00,0.014400,
2026-08-16 04:30:00,0.012100,
2026-08-16 04:40:00,0.011400,
2026-08-16 04:50:00,0.012400,
2026-08-16 05:00:00,0.010500,
2026-08-16 05:10:00,0.009100,
2026-08-16 05:20:00,0.013300,
2026-08-16 05:30:00,0.008600,
2026-08-16 05:40:00,0.013600,
2026-08-16 05:50:00,0.014500,
2026-08-16 06:00:00,0.018100,
2026-08-16 06:10:00,0.014000,
2026-08-16 06:20:00,0.011800,
2026-08-16 06:30:00,0.017900,
2026-08-16 06:40:00,0.014900,
2026-08-16 06:50:00,0.012900,
2026-08-16 07:00:00,0.016600,
2026-08-16 07:10:00,0.014900,
2026-08-16 07:20:00,0.020600,
2026-08-16 07:30:00,0.021500,
2026-08-16 07:40:00,0.017600,
2026-08-16 07:50:00,0.024200,
2026-08-16 08:00:00,0.023100,
2026-08-16 08:10:00,0.023200,
2026-08-16 08:20:00,0.023600,
2026-08-16 08:30:00,0.020500,
2026-08-16 08:40:00,0.022600,
2026-08-16 08:50:00,0.020900,
2026-08-16 09:00:00,0.020700,
2026-08-16 09:10:00,0.023100,
2026-08-16 09:20:00,0.021900,
2026-08-16 09:30:00,0.022400,
2026-08-16 09:40:00,0.022100,
2026-08-16 09:50:00,0.021200,
2026-08-16 10:00:00,0.026400,
2026-08-16 10:10:00,0.025500,
2026-08-16 10:20:00,0.026500,
2026-08-16 10:30:00,0.025400,
2026-08-16 10:40:00,0.024500,
2026-08-16 10:50:00,0.021900,
2026-08-16 11:00:00,0.027100,
2026-08-16 11:10:00,0.023600,
2026-08-16 11:20:00,0.025500,
2026-08-16 11:30:00,0.021900,
2026-08-16 11:40:00,0.023700,
2026-08-16 11:50:00,0.024900,
2026-08-16 12:00:00,0.031600,
2026-08-16 12:10:00,0.041200,
2026-08-16 12:20:00,0.042000,
2026-08-16 12:30:00,0.053700,
2026-08-16 12:40:00,0.064900,
2026-08-16 12:50:00,0.070100,
2026-08-16 13:00:00,0.068800,
2026-08-16 13:10:00,0.066800,
2026-08-16 13:20:00,0.068900,
2026-08-16 13:30:00,0.071600,
2026-08-16 13:40:00,0.069600,
2026-08-16 13:50:00,0.072700,
2026-08-16 14:00:00,0.071900,
2026-08-16 14:10:00,0.072500,
2026-08-16 14:20:00,0.073500,
2026-08-16 14:30:00,0.077500,
2026-08-16 14:40:00,0.083500,
2026-08-16 14:50:00,0.079800,
2026-08-16 15:00:00,0.079000,
2026-08-16 15:10:00,0.080200,
2026-08-16 15:20:00,0.077700,
2026-08-16 15:30:00,0.082200,
2026-08-16 15:40:00,0.081900,
2026-08-16 15:50:00,0.079500,
2026-08-16 16:00:00,0.084200,
2026-08-16 16:10:00,0.080500,
2026-08-16 16:20:00,0.082600,
2026-08-16 16:30:00,0.081200,
2026-08-16 16:40:00,0.086100,
2026-08-16 16:50:00,0.083700,
2026-08-16 17:00:00,0.088700,
2026-08-16 17:10:00,0.084900,
2026-08-16 17:20:00,0.088000,
2026-08-16 17:30:00,0.085600,
2026-08-16 17:40:00,0.083000,
2026-08-16 17:50:00,0.083100,
2026-08-16 18:00:00,0.085500,
2026-08-16 18:10:00,0.083300,
2026-08-16 18:20:00,0.084300,
2026-08-16 18:30:00,0.081800,
2026-08-16 18:40:00,0.082300,
2026-08-16 18:50:00,0.079700,
2026-08-16 19:00:00,0.077500,
2026-08-16 19:10:00,0.081400,
2026-08-16 19:20:00,0.080600,
2026-08-16 19:30:00,0.079900,
2026-08-16 19:40:00,0.075000,
2026-08-16 19:50:00,0.087200,
2026-08-16 20:00:00,0.087300,
2026-08-16 20:10:00,0.080000,
2026-08-16 20:20:00,0.077300,
2026-08-16 20:30:00,0.081900,
2026-08-16 20:40:00,0.079700,
2026-08-16 20:50:00,0.080000,
2026-08-16 21:00:00,0.079700,
2026-08-16 21:10:00,0.079200,
2026-08-16 21:20:00,0.081000,
2026-08-16 21:30:00,0.083200,
2026-08-16 21:40:00,0.086800,
2026-08-16 21:50:00,0.081300,
2026-08-16 22:00:00,0.081900,
2026-08-16 22:10:00,0.083000,
2026-08-16 22:20:00,0.079900,
2026-08-16 22:30:00,0.079800,
2026-08-16 22:40:00,0.080300,
2026-08-16 22:50:00,0.079100,
2026-08-16 23:00:00,0.078700,
2026-08-16 23:10:00,0.080700,
2026-08-16 23:20:00,0.085300,
2026-08-16 23:30:00,0.085100,
2026-08-16 23:40:00,0.083100,
2026-08-16 23:50:00,0.086300,
2026-08-17 00:00:00,0.082500,
2026-08-17 00:10:00,0.078300,
2026-08-17 00:20:00,0.079500,
2026-08-17 00:30:00,0.078800,
2026-08-17 00:40:00,0.077400,
2026-08-17 00:50:00,0.084500,
2026-08-17 01:00:00,0.080000,
2026-08-17 01:10:00,0.080100,
2026-08-17 01:20:00,0.081100,
2026-08-17 01:30:00,0.076700,
2026-08-17 01:40:00,0.080600,
2026-08-17 01:50:00,0.078100,
2026-08-17 02:00:00,0.079000,
2026-08-17 02:10:00,0.081900,
2026-08-17 02:20:00,0.079200,
2026-08-17 02:30:00,0.079300,
2026-08-17 02:40:00,0.076100,
2026-08-17 02:50:00,0.080200,
2026-08-17 03:00:00,0.078600,
2026-08-17 03:10:00,0.078900,
2026-08-17 03:20:00,0.087600,
2026-08-17 03:30:00,0.085600,
2026-08-17 03:40:00,0.085900,
2026-08-17 03:50:00,0.087200,
2026-08-17 04:00:00,0.093700,
2026-08-17 04:10:00,0.096600,
2026-08-17 04:20:00,0.107200,
2026-08-17 04:30:00,0.107900,
2026-08-17 04:40:00,0.107900,
2026-08-17 04:50:00,0.112700,
2026-08-17 05:00:00,0.113900,
2026-08-17 05:10:00,0.113500,
2026-08-17 05:20:00,0.111300,
2026-08-17 05:30:00,0.111000,
2026-08-17 05:40:00,0.111400,
2026-08-17 05:50:00,0.110000,
2026-08-17 06:00:00,0.111700,
2026-08-17 06:10:00,0.104900,
2026-08-17 06:20:00,0.106000,
2026-08-17 06:30:00,0.098900,
2026-08-17 06:40:00,0.096500,
2026-08-17 06:50:00,0.096200,
2026-08-17 07:00:00,0.091600,
2026-08-17 07:10:00,0.088600,
2026-08-17 07:20:00,0.093900,
2026-08-17 07:30:00,0.091800,
2026-08-17 07:40:00,0.088900,
2026-08-17 07:50:00,0.082600,
2026-08-17 08:00:00,0.082100,
2026-08-17 08:10:00,0.082200,
2026-08-17 08:20:00,0.079000,
2026-08-17 08:30:00,0.081000,
2026-08-17 08:40:00,0.076400,
2026-08-17 08:50:00,0.076600,
2026-08-17 09:00:00,0.075400,
2026-08-17 09:10:00,0.071400,
2026-08-17 09:20:00,0.077500,
2026-08-17 09:30:00,0.075700,
2026-08-17 09:40:00,0.074100,
2026-08-17 09:50:00,0.069900,
2026-08-17 10:00:00,0.073100,
2026-08-17 10:10:00,0.070300,
2026-08-17 10:20:00,0.071200,
2026-08-17 10:30:00,0.068800,
2026-08-17 10:40:00,0.068100,
2026-08-17 10:50:00,0.064900,
2026-08-17 11:00:00,0.068900,
2026-08-17 11:10:00,0.068500,
2026-08-17 11:20:00,0.068500,
2026-08-17 11:30:00,0.073700,
2026-08-17 11:40:00,0.071100,
2026-08-17 11:50:00,0.073700,
2026-08-17 12:00:00,0.074000,
2026-08-17 12:10:00,0.077100,
2026-08-17 12:20:00,0.074200,
2026-08-17 12:30:00,0.076500,
2026-08-17 12:40:00,0.079400,
2026-08-17 12:50:00,0.077900,
2026-08-17 13:00:00,0.078700,
2026-08-17 13:10:00,0.079000,
2026-08-17 13:20:00,0.075400,
2026-08-17 13:30:00,0.077100,
2026-08-17 13:40:00,0.078500,
2026-08-17 13:50:00,0.074100,
2026-08-17 14:00:00,0.077400,
2026-08-17 14:10:00,0.082300,
2026-08-17 14:20:00,0.081100,
2026-08-17 14:30:00,0.084400,
2026-08-17 14:40:00,0.083800,
2026-08-17 14:50:00,0.083700,
2026-08-17 15:00:00,0.088300,
2026-08-17 15:10:00,0.081900,
2026-08-17 15:20:00,0.082500,
2026-08-17 15:30:00,0.081800,
2026-08-17 15:40:00,0.081300,
2026-08-17 15:50:00,0.078100,
2026-08-17 16:00:00,0.083200,
2026-08-17 16:10:00,0.082700,
2026-08-17 16:20:00,0.082900,
2026-08-17 16:30:00,0.085700,
2026-08-17 16:40:00,0.085600,
2026-08-17 16:50:00,0.090200,
2026-08-17 17:00:00,0.088500,
2026-08-17 17:10:00,0.085800,
2026-08-17 17:20:00,0.088900,
2026-08-17 17:30:00,0.091800,
2026-08-17 17:40:00,0.096700,
2026-08-17 17:50:00,0.097600,
2026-08-17 18:00:00,0.102200,
2026-08-17 18:10:00,0.101700,
2026-08-17 18:20:00,0.102800,
2026-08-17 18:30:00,0.101600,
2026-08-17 18:40:00,0.103500,
2026-08-17 18:50:00,0.102600,
2026-08-17 19:00:00,0.101800,
2026-08-17 19:10:00,0.103200,
2026-08-17 19:20:00,0.099900,
2026-08-17 19:30:00,0.102900,
2026-08-17 19:40:00,0.100100,
2026-08-17 19:50:00,0.103400,
2026-08-17 20:00:00,0.106700,
2026-08-17 20:10:00,0.102600,
2026-08-17 20:20:00,0.105900,
2026-08-17 20:30:00,0.107100,
2026-08-17 20:40:00,0.108700,
2026-08-17 20:50:00,0.113400,
2026-08-17 21:00:00,0.111300,
2026-08-17 21:10:00,0.106900,
2026-08-17 21:20:00,0.107700,
2026-08-17 21:30:00,0.107800,
2026-08-17 21:40:00,0.106000,
2026-08-17 21:50:00,0.109600,
2026-08-17 22:00:00,0.110500,
2026-08-17 22:10:00,0.109000,
2026-08-17 22:20:00,0.107200,
2026-08-17 22:30:00,0.108000,
2026-08-17 22:40:00,0.110800,
2026-08-17 22:50:00,0.108100,
2026-08-17 23:00:00,0.105300,
2026-08-17 23:10:00,0.106500,
2026-08-17 23:20:00,0.107800,
2026-08-17 23:30:00,0.110200,
2026-08-17 23:40:00,0.107300,
2026-08-17 23:50:00,0.110800,
2026-08-18 00:00:00,0.108800,
2026-08-18 00:10:00,0.105500,
2026-08-18 00:20:00,0.105000,
2026-08-18 00:30:00,0.108100,
2026-08-18 00:40:00,0.102000,
2026-08-18 00:50:00,0.102000,
2026-08-18 01:00:00,0.104700,
2026-08-18 01:10:00,0.101300,
2026-08-18 01:20:00,0.101300,
2026-08-18 01:30:00,0.098900,
2026-08-18 01:40:00,0.096400,
2026-08-18 01:50:00,0.096600,
2026-08-18 02:00:00,0.096200,
2026-08-18 02:10:00,0.096500,
2026-08-18 02:20:00,0.093100,
2026-08-18 02:30:00,0.090200,
2026-08-18 02:40:00,0.086200,
2026-08-18 02:50:00,0.087800,
2026-08-18 03:00:00,0.088200,
2026-08-18 03:10:00,0.085800,
2026-08-18 03:20:00,0.080500,
2026-08-18 03:30:00,0.084000,
2026-08-18 03:40:00,0.079900,
2026-08-18 03:50:00,0.079500,
2026-08-18 04:00:00,0.079600,
2026-08-18 04:10:00,0.078700,
2026-08-18 04:20:00,0.075700,
2026-08-18 04:30:00,0.078400,
2026-08-18 04:40:00,0.074800,
2026-08-18 04:50:00,0.071900,
2026-08-18 05:00:00,0.073200,
2026-08-18 05:10:00,0.074000,
2026-08-18 05:20:00,0.074600,
2026-08-18 05:30:00,0.070400,
2026-08-18 05:40:00,0.071000,
2026-08-18 05:50:00,0.066300,
2026-08-18 06:00:00,0.066500,
2026-08-18 06:10:00,0.066600,
2026-08-18 06:20:00,0.068100,
2026-08-18 06:30:00,0.066300,
2026-08-18 06:40:00,0.064800,
2026-08-18 06:50:00,0.066400,
2026-08-18 07:00:00,0.065800,
2026-08-18 07:10:00,0.066800,
2026-08-18 07:20:00,0.062700,
2026-08-18 07:30:00,0.061200,
2026-08-18 07:40:00,0.063700,
2026-08-18 07:50:00,0.057200,
2026-08-18 08:00:00,0.057400,
2026-08-18 08:10:00,0.057300,
2026-08-18 08:20:00,0.056900,
2026-08-18 08:30:00,0.057100,
2026-08-18 08:40:00,0.055600,
2026-08-18 08:50:00,0.061800,
2026-08-18 09:00:00,0.056000,
2026-08-18 09:10:00,0.060200,
2026-08-18 09:20:00,0.054500,
2026-08-18 09:30:00,0.055800,
2026-08-18 09:40:00,0.058500,
2026-08-18 09:50:00,0.058400,
2026-08-18 10:00:00,0.057900,
2026-08-18 10:10:00,0.058600,
2026-08-18 10:20:00,0.054600,
2026-08-18 10:30:00,0.050100,
2026-08-18 10:40:00,0.052200,
2026-08-18 10:50:00,0.053900,
2026-08-18 11:00:00,0.053100,
2026-08-18 11:10:00,0.050800,
2026-08-18 11:20:00,0.051000,
2026-08-18 11:30:00,0.048500,
2026-08-18 11:40:00,0.045900,
2026-08-18 11:50:00,0.044900,
2026-08-18 12:00:00,0.042000,
2026-08-18 12:10:00,0.043000,
2026-08-18 12:20:00,0.045700,
2026-08-18 12:30:00,0.043200,
2026-08-18 12:40:00,0.042400,
2026-08-18 12:50:00,0.042700,
2026-08-18 13:00:00,0.043700,
2026-08-18 13:10:00,0.040700,
2026-08-18 13:20:00,0.035900,
2026-08-18 13:30:00,0.037600,
2026-08-18 13:40:00,0.036500,
2026-08-18 13:50:00,0.036200,
2026-08-18 14:00:00,0.034000,
2026-08-18 14:10:00,0.035600,
2026-08-18 14:20:00,0.039800,
2026-08-18 14:30:00,0.038400,
2026-08-18 14:40:00,0.031500,
2026-08-18 14:50:00,0.034200,
2026-08-18 15:00:00,0.031800,
2026-08-18 15:10:00,0.028800,
2026-08-18 15:20:00,0.036800,
2026-08-18 15:30:00,0.033900,
2026-08-18 15:40:00,0.035400,
2026-08-18 15:50:00,0.033200,
2026-08-18 16:00:00,0.037600,
2026-08-18 16:10:00,0.037600,
2026-08-18 16:20:00,0.035200,
2026-08-18 16:30:00,0.044700,
2026-08-18 16:40:00,0.043700,
2026-08-18 16:50:00,0.043400,
2026-08-18 17:00:00,0.038700,
2026-08-18 17:10:00,0.035700,
2026-08-18 17:20:00,0.034900,
2026-08-18 17:30:00,0.034700,
2026-08-18 17:40:00,0.040600,
2026-08-18 17:50:00,0.039300,
2026-08-18 18:00:00,0.041700,
2026-08-18 18:10:00,0.039500,
2026-08-18 18:20:00,0.037600,
2026-08-18 18:30:00,0.036500,
2026-08-18 18:40:00,0.037800,
2026-08-18 18:50:00,0.040000,
2026-08-18 19:00:00,0.040400,
2026-08-18 19:10:00,0.038200,
2026-08-18 19:20:00,0.043400,
2026-08-18 19:30:00,0.039300,
2026-08-18 19:40:00,0.037500,
2026-08-18 19:50:00,0.040300,
2026-08-18 20:00:00,0.037100,
2026-08-18 20:10:00,0.036800,
2026-08-18 20:20:00,0.038000,
2026-08-18 20:30:00,0.039000,
2026-08-18 20:40:00,0.035800,
2026-08-18 20:50:00,0.039200,
2026-08-18 21:00:00,0.036400,
2026-08-18 21:10:00,0.037300,
2026-08-18 21:20:00,0.032000,
2026-08-18 21:30:00,0.034000,
2026-08-18 21:40:00,0.032300,
2026-08-18 21:50:00,0.028200,
2026-08-18 22:00:00,0.030800,
2026-08-18 22:10:00,0.032200,
2026-08-18 22:20:00,0.029200,
2026-08-18 22:30:00,0.028900,
2026-08-18 22:40:00,0.028300,
2026-08-18 22:50:00,0.032300,
2026-08-18 23:00:00,0.030500,
2026-08-18 23:10:00,0.028600,
2026-08-18 23:20:00,0.029000,
2026-08-18 23:30:00,0.037200,
2026-08-18 23:40:00,0.030200,
2026-08-18 23:50:00,0.034500,
2026-08-19 00:00:00,0.027500,
2026-08-19 00:10:00,0.030300,
2026-08-19 00:20:00,0.031900,
2026-08-19 00:30:00,0.032000,
2026-08-19 00:40:00,0.031000,
2026-08-19 00:50:00,0.032600,
2026-08-19 01:00:00,0.033100,
2026-08-19 01:10:00,0.034300,
2026-08-19 01:20:00,0.029800,
2026-08-19 01:30:00,0.029600,
2026-08-19 01:40:00,0.028200,
2026-08-19 01:50:00,0.030600,
2026-08-19 02:00:00,0.025800,
2026-08-19 02:10:00,0.025900,
2026-08-19 02:20:00,0.025300,
2026-08-19 02:30:00,0.023900,
2026-08-19 02:40:00,0.022500,
2026-08-19 02:50:00,0.025700,
2026-08-19 03:00:00,0.026100,
2026-08-19 03:10:00,0.026200,
2026-08-19 03:20:00,0.025300,
2026-08-19 03:30:00,0.024100,
2026-08-19 03:40:00,0.025600,
2026-08-19 03:50:00,0.028300,
2026-08-19 04:00:00,0.028200,
2026-08-19 04:10:00,0.025800,
2026-08-19 04:20:00,0.027300,
2026-08-19 04:30:00,0.025800,
2026-08-19 04:40:00,0.027200,
2026-08-19 04:50:00,0.026900,
2026-08-19 05:00:00,0.028800,
2026-08-19 05:10:00,0.029400,
2026-08-19 05:20:00,0.030500,
2026-08-19 05:30:00,0.033000,
2026-08-19 05:40:00,0.032100,
2026-08-19 05:50:00,0.034000,
2026-08-19 06:00:00,0.036000,
2026-08-19 06:10:00,0.033900,
2026-08-19 06:20:00,0.034000,
2026-08-19 06:30:00,0.034900,
2026-08-19 06:40:00,0.031400,
2026-08-19 06:50:00,0.028500,
2026-08-19 07:00:00,0.033200,
2026-08-19 07:10:00,0.034900,
2026-08-19 07:20:00,0.035000,
2026-08-19 07:30:00,0.031000,
2026-08-19 07:40:00,0.034200,
2026-08-19 07:50:00,0.032100,
2026-08-19 08:00:00,0.031400,
2026-08-19 08:10:00,0.032000,
2026-08-19 08:20:00,0.032500,
2026-08-19 08:30:00,0.031500,
2026-08-19 08:40:00,0.032100,
2026-08-19 08:50:00,0.031500,
2026-08-19 09:00:00,0.032800,
2026-08-19 09:10:00,0.034200,
2026-08-19 09:20:00,0.036600,
2026-08-19 09:30:00,0.032500,
2026-08-19 09:40:00,0.032800,
2026-08-19 09:50:00,0.034600,
2026-08-19 10:00:00,0.033200,
2026-08-19 10:10:00,0.035400,
2026-08-19 10:20:00,0.032000,
2026-08-19 10:30:00,0.035500,
2026-08-19 10:40:00,0.034800,
2026-08-19 10:50:00,0.034000,
2026-08-19 11:00:00,0.030200,
2026-08-19 11:10:00,0.036500,
2026-08-19 11:20:00,0.034500,
2026-08-19 11:30:00,0.036300,
2026-08-19 11:40:00,0.032300,
2026-08-19 11:50:00,0.032200,
2026-08-19 12:00:00,0.035700,
2026-08-19 12:10:00,0.036600,
2026-08-19 12:20:00,0.038200,
2026-08-19 12:30:00,0.036500,
2026-08-19 12:40:00,0.041800,
2026-08-19 12:50:00,0.040000,
2026-08-19 13:00:00,0.038500,
2026-08-19 13:10:00,0.041700,
2026-08-19 13:20:00,0.043500,
2026-08-19 13:30:00,0.045000,
2026-08-19 13:40:00,0.045800,
2026-08-19 13:50:00,0.053800,
2026-08-19 14:00:00,0.050400,
2026-08-19 14:10:00,0.051100,
2026-08-19 14:20:00,0.057100,
2026-08-19 14:30:00,0.056300,
2026-08-19 14:40:00,0.055500,
2026-08-19 14:50:00,0.053500,
2026-08-19 15:00:00,0.054500,
2026-08-19 15:10:00,0.057400,
2026-08-19 15:20:00,0.060800,
2026-08-19 15:30:00,0.059600,
2026-08-19 15:40:00,0.061400,
2026-08-19 15:50:00,0.058200,
2026-08-19 16:00:00,0.058000,
2026-08-19 16:10:00,0.053700,
2026-08-19 16:20:00,0.058000,
2026-08-19 16:30:00,0.060400,
2026-08-19 16:40:00,0.064100,
2026-08-19 16:50:00,0.066600,
2026-08-19 17:00:00,0.069000,
2026-08-19 17:10:00,0.067100,
2026-08-19 17:20:00,0.073000,
2026-08-19 17:30:00,0.072300,
2026-08-19 17:40:00,0.077700,
2026-08-19 17:50:00,0.078300,
2026-08-19 18:00:00,0.080000,
2026-08-19 18:10:00,0.078700,
2026-08-19 18:20:00,0.085800,
2026-08-19 18:30:00,0.085100,
2026-08-19 18:40:00,0.087300,
2026-08-19 18:50:00,0.091000,
2026-08-19 19:00:00,0.093600,
2026-08-19 19:10:00,0.093900,
2026-08-19 19:20:00,0.093900,
2026-08-19 19:30:00,0.094400,
2026-08-19 19:40:00,0.102600,
2026-08-19 19:50:00,0.101800,
2026-08-19 20:00:00,0.103300,
2026-08-19 20:10:00,0.098900,
2026-08-19 20:20:00,0.101000,
2026-08-19 20:30:00,0.103700,
2026-08-19 20:40:00,0.106200,
2026-08-19 20:50:00,0.103400,
2026-08-19 21:00:00,0.106200,
2026-08-19 21:10:00,0.105600,
2026-08-19 21:20:00,0.105000,
2026-08-19 21:30:00,0.102700,
2026-08-19 21:40:00,0.108000,
2026-08-19 21:50:00,0.107600,
2026-08-19 22:00:00,0.107700,
2026-08-19 22:10:00,0.106600,
2026-08-19 22:20:00,0.105200,
2026-08-19 22:30:00,0.106200,
2026-08-19 22:40:00,0.103400,
2026-08-19 22:50:00,0.104100,
2026-08-19 23:00:00,0.103100,
2026-08-19 23:10:00,0.107400,
2026-08-19 23:20:00,0.105300,
2026-08-19 23:30:00,0.101500,
2026-08-19 23:40:00,0.100900,
2026-08-19 23:50:00,0.099900,
2026-08-20 00:00:00,0.098300,
2026-08-20 00:10:00,0.095300,
2026-08-20 00:20:00,0.100100,
2026-08-20 00:30:00,0.095200,
2026-08-20 00:40:00,0.096200,
2026-08-20 00:50:00,0.095500,
2026-08-20 01:00:00,0.092500,
2026-08-20 01:10:00,0.094400,
2026-08-20 01:20:00,0.092000,
2026-08-20 01:30:00,0.091600,
2026-08-20 01:40:00,0.093500,
2026-08-20 01:50:00,0.092700,
2026-08-20 02:00:00,0.092500,
2026-08-20 02:10:00,0.092600,
2026-08-20 02:20:00,0.089100,
2026-08-20 02:30:00,0.090900,
2026-08-20 02:40:00,0.089900,
2026-08-20 02:50:00,0.090700,
2026-08-20 03:00:00,0.090500,
2026-08-20 03:10:00,0.088400,
2026-08-20 03:20:00,0.087800,
2026-08-20 03:30:00,0.086000,
2026-08-20 03:40:00,0.089000,
2026-08-20 03:50:00,0.086700,
2026-08-20 04:00:00,0.088100,
2026-08-20 04:10:00,0.086500,
2026-08-20 04:20:00,0.085800,
2026-08-20 04:30:00,0.088200,
2026-08-20 04:40:00,0.090700,
2026-08-20 04:50:00,0.086400,
2026-08-20 05:00:00,0.087800,
2026-08-20 05:10:00,0.089800,
2026-08-20 05:20:00,0.086100,
2026-08-20 05:30:00,0.085200,
2026-08-20 05:40:00,0.084500,
2026-08-20 05:50:00,0.087700,
2026-08-20 06:00:00,0.083200,
2026-08-20 06:10:00,0.081900,
2026-08-20 06:20:00,0.081200,
2026-08-20 06:30:00,0.081600,
2026-08-20 06:40:00,0.079900,
2026-08-20 06:50:00,0.076000,
2026-08-20 07:00:00,0.079200,
2026-08-20 07:10:00,0.073400,
2026-08-20 07:20:00,0.076100,
2026-08-20 07:30:00,0.074300,
2026-08-20 07:40:00,0.072300,
2026-08-20 07:50:00,0.069600,
2026-08-20 08:00:00,0.067400,
2026-08-20 08:10:00,0.069200,
2026-08-20 08:20:00,0.069600,
2026-08-20 08:30:00,0.070800,
2026-08-20 08:40:00,0.072100,
2026-08-20 08:50:00,0.070600,
2026-08-20 09:00:00,0.068800,
2026-08-20 09:10:00,0.066800,
2026-08-20 09:20:00,0.066700,
2026-08-20 09:30:00,0.070800,
2026-08-20 09:40:00,0.074100,
2026-08-20 09:50:00,0.070400,
2026-08-20 10:00:00,0.069400,
2026-08-20 10:10:00,0.070000,
2026-08-20 10:20:00,0.071200,
2026-08-20 10:30:00,0.069700,
2026-08-20 10:40:00,0.066800,
2026-08-20 10:50:00,0.068200,
2026-08-20 11:00:00,0.065900,
2026-08-20 11:10:00,0.066600,
2026-08-20 11:20:00,0.066600,
2026-08-20 11:30:00,0.060200,
2026-08-20 11:40:00,0.058300,
2026-08-20 11:50:00,0.057500,
2026-08-20 12:00:00,0.058900,
2026-08-20 12:10:00,0.059800,
2026-08-20 12:20:00,0.059200,
2026-08-20 12:30:00,0.056800,
2026-08-20 12:40:00,0.057000,
2026-08-20 12:50:00,0.058700,
2026-08-20 13:00:00,0.060300,
2026-08-20 13:10:00,0.056200,
2026-08-20 13:20:00,0.054300,
2026-08-20 13:30:00,0.051200,
2026-08-20 13:40:00,0.053200,
2026-08-20 13:50:00,0.039200,
2026-08-20 14:00:00,0.049900,
2026-08-20 14:10:00,0.047000,
2026-08-20 14:20:00,0.048300,
2026-08-20 14:30:00,0.053000,
2026-08-20 14:40:00,0.047000,
2026-08-20 14:50:00,0.046600,
2026-08-20 15:00:00,0.044800,
2026-08-20 15:10:00,0.045500,
2026-08-20 15:20:00,0.045100,
2026-08-20 15:30:00,0.046200,
2026-08-20 15:40:00,0.046500,
2026-08-20 15:50:00,0.050000,
2026-08-20 16:00:00,0.050800,
2026-08-20 16:10:00,0.048000,
2026-08-20 16:20:00,0.053400,
2026-08-20 16:30:00,0.047600,
2026-08-20 16:40:00,0.042900,
2026-08-20 16:50:00,0.045300,
2026-08-20 17:00:00,0.043900,
2026-08-20 17:10:00,0.047400,
2026-08-20 17:20:00,0.043800,
2026-08-20 17:30:00,0.046100,
2026-08-20 17:40:00,0.043500,
2026-08-20 17:50:00,0.047700,
2026-08-20 18:00:00,0.047500,
2026-08-20 18:10:00,0.048000,
2026-08-20 18:20:00,0.047900,
2026-08-20 18:30:00,0.047500,
2026-08-20 18:40:00,0.047600,
2026-08-20 18:50:00,0.046100,
2026-08-20 19:00:00,0.051700,
2026-08-20 19:10:00,0.046600,
2026-08-20 19:20:00,0.049400,
2026-08-20 19:30:00,0.043800,
2026-08-20 19:40:00,0.045500,
2026-08-20 19:50:00,0.049400,
2026-08-20 20:00:00,0.046800,
2026-08-20 20:10:00,0.045000,
2026-08-20 20:20:00,0.044100,
2026-08-20 20:30:00,0.043900,
2026-08-20 20:40:00,0.042400,
2026-08-20 20:50:00,0.041600,
2026-08-20 21:00:00,0.039000,
2026-08-20 21:10:00,0.039500,
2026-08-20 21:20:00,0.040300,
2026-08-20 21:30:00,0.049400,
2026-08-20 21:40:00,0.052600,
2026-08-20 21:50:00,0.048300,
2026-08-20 22:00:00,0.053600,
2026-08-20 22:10:00,0.047200,
2026-08-20 22:20:00,0.042200,
2026-08-20 22:30:00,0.047500,
2026-08-20 22:40:00,0.049000,
2026-08-20 22:50:00,0.049800,
2026-08-20 23:00:00,0.044400,
2026-08-20 23:10:00,0.046900,
2026-08-20 23:20:00,0.043600,
2026-08-20 23:30:00,0.041000,
2026-08-20 23:40:00,0.044200,
2026-08-20 23:50:00,0.040600,
2026-08-21 00:00:00,0.044100,
2026-08-21 00:10:00,0.046300,
2026-08-21 00:20:00,0.045900,
2026-08-21 00:30:00,0.042000,
2026-08-21 00:40:00,0.039900,
2026-08-21 00:50:00,0.042000,
2026-08-21 01:00:00,0.042000,
2026-08-21 01:10:00,0.044000,
2026-08-21 01:20:00,0.040200,
2026-08-21 01:30:00,0.041500,
2026-08-21 01:40:00,0.040400,
2026-08-21 01:50:00,0.042600,
2026-08-21 02:00:00,0.042800,
2026-08-21 02:10:00,0.041300,
2026-08-21 02:20:00,0.041000,
2026-08-21 02:30:00,0.041500,
2026-08-21 02:40:00,0.043900,
2026-08-21 02:50:00,0.043100,
2026-08-21 03:00:00,0.042300,
2026-08-21 03:10:00,0.040900,
2026-08-21 03:20:00,0.040000,
2026-08-21 03:30:00,0.039000,
2026-08-21 03:40:00,0.038600,
2026-08-21 03:50:00,0.040500,
2026-08-21 04:00:00,0.035400,
2026-08-21 04:10:00,0.041400,
2026-08-21 04:20:00,0.034800,
2026-08-21 04:30:00,0.036500,
2026-08-21 04:40:00,0.038900,
2026-08-21 04:50:00,0.036600,
2026-08-21 05:00:00,0.040500,
2026-08-21 05:10:00,0.036700,
2026-08-21 05:20:00,0.033600,
2026-08-21 05:30:00,0.039200,
2026-08-21 05:40:00,0.037900,
2026-08-21 05:50:00,0.038800,
2026-08-21 06:00:00,0.039500,
2026-08-21 06:10:00,0.039400,
2026-08-21 06:20:00,0.034900,
2026-08-21 06:30:00,0.037100,
2026-08-21 06:40:00,0.035200,
2026-08-21 06:50:00,0.039100,
2026-08-21 07:00:00,0.034700,
2026-08-21 07:10:00,0.035300,
2026-08-21 07:20:00,0.036900,
2026-08-21 07:30:00,0.036300,
2026-08-21 07:40:00,0.036600,
2026-08-21 07:50:00,0.033600,
2026-08-21 08:00:00,0.038400,
2026-08-21 08:10:00,0.035100,
2026-08-21 08:20:00,0.036600,
2026-08-21 08:30:00,0.037400,
2026-08-21 08:40:00,0.035200,
2026-08-21 08:50:00,0.033900,
2026-08-21 09:00:00,0.034700,
2026-08-21 09:10:00,0.032400,
2026-08-21 09:20:00,0.029600,
2026-08-21 09:30:00,0.029000,
2026-08-21 09:40:00,0.029300,
2026-08-21 09:50:00,0.026200,
2026-08-21 10:00:00,0.026300,
2026-08-21 10:10:00,0.025600,
2026-08-21 10:20:00,0.025700,
2026-08-21 10:30:00,0.026100,
2026-08-21 10:40:00,0.029400,
2026-08-21 10:50:00,0.030000,
2026-08-21 11:00:00,0.030600,
2026-08-21 11:10:00,0.026200,
2026-08-21 11:20:00,0.026600,
2026-08-21 11:30:00,0.030800,
2026-08-21 11:40:00,0.029000,
2026-08-21 11:50:00,0.030400,
2026-08-21 12:00:00,0.035600,
2026-08-21 12:10:00,0.027100,
2026-08-21 12:20:00,0.027200,
2026-08-21 12:30:00,0.019600,
2026-08-21 12:40:00,0.018700,
2026-08-21 12:50:00,0.015400,
2026-08-21 13:00:00,0.016700,
2026-08-21 13:10:00,0.018300,
2026-08-21 13:20:00,0.016700,
2026-08-21 13:30:00,0.017400,
2026-08-21 13:40:00,0.018000,
2026-08-21 13:50:00,0.015900,
2026-08-21 14:00:00,0.013600,
2026-08-21 14:10:00,0.016400,
2026-08-21 14:20:00,0.009200,
2026-08-21 14:30:00,0.019800,
2026-08-21 14:40:00,0.018000,
2026-08-21 14:50:00,0.021100,
2026-08-21 15:00:00,0.019700,
2026-08-21 15:10:00,0.018300,
2026-08-21 15:20:00,0.017800,
2026-08-21 15:30:00,0.016700,
2026-08-21 15:40:00,0.012700,
2026-08-21 15:50:00,0.013500,
2026-08-21 16:00:00,0.010000,
2026-08-21 16:10:00,0.015800,
2026-08-21 16:20:00,0.012100,
2026-08-21 16:30:00,0.003900,
2026-08-21 16:40:00,0.007000,
2026-08-21 16:50:00,0.015600,
2026-08-21 17:00:00,0.013900,
2026-08-21 17:10:00,0.009200,
2026-08-21 17:20:00,0.014300,
2026-08-21 17:30:00,0.018700,
2026-08-21 17:40:00,0.017200,
2026-08-21 17:50:00,0.013000,79665.818609
2026-08-21 18:00:00,0.013600,79665.818609
2026-08-21 18:10:00,0.012200,79665.818609
2026-08-21 18:20:00,0.010200,
2026-08-21 18:30:00,0.010500,
2026-08-21 18:40:00,0.017500,
2026-08-21 18:50:00,0.019500,
2026-08-21 19:00:00,0.024200,
2026-08-21 19:10:00,0.024800,
2026-08-21 19:20:00,0.020700,
2026-08-21 19:30:00,0.019000,
2026-08-21 19:40:00,0.022900,
2026-08-21 19:50:00,0.023100,
2026-08-21 20:00:00,0.020400,
2026-08-21 20:10:00,0.025700,
2026-08-21 20:20:00,0.026400,
2026-08-21 20:30:00,0.024200,
2026-08-21 20:40:00,0.024700,
2026-08-21 20:50:00,0.022500,
2026-08-21 21:00:00,0.024400,
2026-08-21 21:10:00,0.024000,
2026-08-21 21:20:00,0.022300,
2026-08-21 21:30:00,0.024300,
2026-08-21 21:40:00,0.024200,
2026-08-21 21:50:00,0.027300,
2026-08-21 22:00:00,0.028300,
2026-08-21 22:10:00,0.028400,
2026-08-21 22:20:00,0.025300,
2026-08-21 22:30:00,0.022900,
2026-08-21 22:40:00,0.021200,
2026-08-21 22:50:00,0.019600,
2026-08-21 23:00:00,0.020900,
2026-08-21 23:10:00,0.023500,
2026-08-21 23:20:00,0.026500,
2026-08-21 23:30:00,0.024900,
2026-08-21 23:40:00,0.025300,
2026-08-21 23:50:00,0.027200,
2026-08-22 00:00:00,0.027800,
2026-08-22 00:10:00,0.027200,
2026-08-22 00:20:00,0.025700,
2026-08-22 00:30:00,0.029500,
2026-08-22 00:40:00,0.028500,
2026-08-22 00:50:00,0.023400,
2026-08-22 01:00:00,0.028300,
2026-08-22 01:10:00,0.028500,
2026-08-22 01:20:00,0.029600,
2026-08-22 01:30:00,0.029500,
2026-08-22 01:40:00,0.033300,
2026-08-22 01:50:00,0.030800,
2026-08-22 02:00:00,0.032500,
2026-08-22 02:10:00,0.023700,
2026-08-22 02:20:00,0.024000,
2026-08-22 02:30:00,0.023200,
2026-08-22 02:40:00,0.025000,
2026-08-22 02:50:00,0.020900,
2026-08-22 03:00:00,0.022800,
2026-08-22 03:10:00,0.022700,
2026-08-22 03:20:00,0.025500,
2026-08-22 03:30:00,0.026800,
2026-08-22 03:40:00,0.023300,
2026-08-22 03:50:00,0.027400,
2026-08-22 04:00:00,0.026400,
2026-08-22 04:10:00,0.024100,
2026-08-22 04:20:00,0.025700,
2026-08-22 04:30:00,0.026200,
2026-08-22 04:40:00,0.024900,
2026-08-22 04:50:00,0.026000,
2026-08-22 05:00:00,0.027000,
2026-08-22 05:10:00,0.027200,
2026-08-22 05:20:00,0.025600,
2026-08-22 05:30:00,0.021400,
2026-08-22 05:40:00,0.024400,
2026-08-22 05:50:00,0.025500,
2026-08-22 06:00:00,0.021100,
2026-08-22 06:10:00,0.024300,
2026-08-22 06:20:00,0.024900,
2026-08-22 06:30:00,0.025700,
2026-08-22 06:40:00,0.023800,
2026-08-22 06:50:00,0.023600,
2026-08-22 07:00:00,0.026100,
2026-08-22 07:10:00,0.025000,
2026-08-22 07:20:00,0.028100,
2026-08-22 07:30:00,0.027200,
2026-08-22 07:40:00,0.026500,
2026-08-22 07:50:00,0.026100,
2026-08-22 08:00:00,0.025300,
2026-08-22 08:10:00,0.021000,
2026-08-22 08:20:00,0.023600,
2026-08-22 08:30:00,0.023900,
2026-08-22 08:40:00,0.019300,
2026-08-22 08:50:00,0.020000,
2026-08-22 09:00:00,0.021100,
2026-08-22 09:10:00,0.024400,
2026-08-22 09:20:00,0.022800,
2026-08-22 09:30:00,0.026600,
2026-08-22 09:40:00,0.023700,
2026-08-22 09:50:00,0.021500,
2026-08-22 10:00:00,0.018200,
2026-08-22 10:10:00,0.020700,
2026-08-22 10:20:00,0.024300,
2026-08-22 10:30:00,0.021100,
2026-08-22 10:40:00,0.024300,
2026-08-22 10:50:00,0.026200,
2026-08-22 11:00:00,0.020200,
2026-08-22 11:10:00,0.021000,
2026-08-22 11:20:00,0.020100,
2026-08-22 11:30:00,0.021400,
2026-08-22 11:40:00,0.025000,
2026-08-22 11:50:00,0.022400,
2026-08-22 12:00:00,0.023700,
2026-08-22 12:10:00,0.018400,
2026-08-22 12:20:00,0.022100,
2026-08-22 12:30:00,0.020400,
2026-08-22 12:40:00,0.025800,
2026-08-22 12:50:00,0.023500,
2026-08-22 13:00:00,0.024300,
2026-08-22 13:10:00,0.022800,
2026-08-22 13:20:00,0.022300,
2026-08-22 13:30:00,0.022400,
2026-08-22 13:40:00,0.019600,
2026-08-22 13:50:00,0.019300,
2026-08-22 14:00:00,0.018900,
2026-08-22 14:10:00,0.020500,
2026-08-22 14:20:00,0.015900,
2026-08-22 14:30:00,0.015600,
2026-08-22 14:40:00,0.007500,
2026-08-22 14:50:00,0.012500,
2026-08-22 15:00:00,0.011500,
2026-08-22 15:10:00,0.012500,
2026-08-22 15:20:00,0.015100,
2026-08-22 15:30:00,0.015200,
2026-08-22 15:40:00,0.013800,
2026-08-22 15:50:00,0.018900,
2026-08-22 16:00:00,0.015200,
2026-08-22 16:10:00,0.015000,
2026-08-22 16:20:00,0.022100,
2026-08-22 16:30:00,0.015200,
2026-08-22 16:40:00,0.017800,
2026-08-22 16:50:00,0.014500,
2026-08-22 17:00:00,0.021300,
2026-08-22 17:10:00,0.019300,
2026-08-22 17:20:00,0.014900,
2026-08-22 17:30:00,0.018500,
2026-08-22 17:40:00,0.023500,
2026-08-22 17:50:00,0.020700,
2026-08-22 18:00:00,0.017500,
2026-08-22 18:10:00,0.012600,
2026-08-22 18:20:00,0.016800,
2026-08-22 18:30:00,0.022000,59740.936057
2026-08-22 18:40:00,0.013500,55593.244793
2026-08-22 18:50:00,0.020900,
2026-08-22 19:00:00,0.022100,57216.596850
2026-08-22 19:10:00,0.022800,
2026-08-22 19:20:00,0.024700,
2026-08-22 19:30:00,0.023600,
2026-08-22 19:40:00,0.022700,
2026-08-22 19:50:00,0.023100,
2026-08-22 20:00:00,0.026800,
2026-08-22 20:10:00,0.014000,
2026-08-22 20:20:00,0.020000,
2026-08-22 20:30:00,0.019500,
2026-08-22 20:40:00,0.018100,
2026-08-22 20:50:00,0.024600,
2026-08-22 21:00:00,0.019400,
2026-08-22 21:10:00,0.022500,
2026-08-22 21:20:00,0.021000,
2026-08-22 21:30:00,0.024900,
2026-08-22 21:40:00,0.028100,
2026-08-22 21:50:00,0.019400,
2026-08-22 22:00:00,0.018500,
2026-08-22 22:10:00,0.019200,
2026-08-22 22:20:00,0.020000,
2026-08-22 22:30:00,0.021600,
2026-08-22 22:40:00,0.021100,
2026-08-22 22:50:00,0.024300,
2026-08-22 23:00:00,0.020000,
2026-08-22 23:10:00,0.018200,
2026-08-22 23:20:00,0.016600,
2026-08-22 23:30:00,0.018100,
2026-08-22 23:40:00,0.018800,
2026-08-22 23:50:00,0.016900,
2026-08-23 00:00:00,0.020200,
2026-08-23 00:10:00,0.018100,
2026-08-23 00:20:00,0.022600,
2026-08-23 00:30:00,0.023100,
2026-08-23 00:40:00,0.020400,
2026-08-23 00:50:00,0.020400,
2026-08-23 01:00:00,0.015400,
2026-08-23 01:10:00,0.019600,
2026-08-23 01:20:00,0.019400,
2026-08-23 01:30:00,0.018400,
2026-08-23 01:40:00,0.020500,
2026-08-23 01:50:00,0.023900,
2026-08-23 02:00:00,0.020900,
2026-08-23 02:10:00,0.019200,
2026-08-23 02:20:00,0.016100,
2026-08-23 02:30:00,0.017800,
2026-08-23 02:40:00,0.014900,
2026-08-23 02:50:00,0.016400,
2026-08-23 03:00:00,0.014700,
2026-08-23 03:10:00,0.012900,
2026-08-23 03:20:00,0.016700,
2026-08-23 03:30:00,0.014500,
2026-08-23 03:40:00,0.015100,
2026-08-23 03:50:00,0.017600,
2026-08-23 04:00:00,0.017300,
2026-08-23 04:10:00,0.015900,
2026-08-23 04:20:00,0.016400,
2026-08-23 04:30:00,0.014700,
2026-08-23 04:40:00,0.013800,
2026-08-23 04:50:00,0.012000,
2026-08-23 05:00:00,0.009700,
2026-08-23 05:10:00,0.009100,
2026-08-23 05:20:00,0.009800,
2026-08-23 05:30:00,0.010800,
2026-08-23 05:40:00,0.012500,
2026-08-23 05:50:00,0.005500,
2026-08-23 06:00:00,0.015400,
2026-08-23 06:10:00,0.014400,
2026-08-23 06:20:00,0.012700,
2026-08-23 06:30:00,0.014500,
2026-08-23 06:40:00,0.017900,
2026-08-23 06:50:00,0.014900,
2026-08-23 07:00:00,0.015400,
2026-08-23 07:10:00,0.008100,
2026-08-23 07:20:00,0.014400,
2026-08-23 07:30:00,0.008800,
2026-08-23 07:40:00,0.009300,
2026-08-23 07:50:00,0.015000,
2026-08-23 08:00:00,0.012300,
2026-08-23 08:10:00,0.012900,
2026-08-23 08:20:00,0.011400,
2026-08-23 08:30:00,0.010900,
2026-08-23 08:40:00,0.011700,
2026-08-23 08:50:00,0.014600,
2026-08-23 09:00:00,0.012800,
2026-08-23 09:10:00,0.014900,
2026-08-23 09:20:00,0.012500,
2026-08-23 09:30:00,0.010800,
2026-08-23 09:40:00,0.011600,
2026-08-23 09:50:00,0.016100,
2026-08-23 10:00:00,0.014500,
2026-08-23 10:10:00,0.011600,
2026-08-23 10:20:00,0.013300,
2026-08-23 10:30:00,0.012400,
2026-08-23 10:40:00,0.014500,
2026-08-23 10:50:00,0.014400,
2026-08-23 11:00:00,0.011000,
2026-08-23 11:10:00,0.013300,
2026-08-23 11:20:00,0.012300,
2026-08-23 11:30:00,0.014000,
2026-08-23 11:40:00,0.012700,
2026-08-23 11:50:00,0.016400,
2026-08-23 12:00:00,0.013800,
2026-08-23 12:10:00,0.015900,
2026-08-23 12:20:00,0.018900,
2026-08-23 12:30:00,0.016700,
2026-08-23 12:40:00,0.018000,
2026-08-23 12:50:00,0.022300,
2026-08-23 13:00:00,0.017800,
2026-08-23 13:10:00,0.018000,
2026-08-23 13:20:00,0.019300,
2026-08-23 13:30:00,0.014500,
2026-08-23 13:40:00,0.016700,
2026-08-23 13:50:00,0.018300,
2026-08-23 14:00:00,0.013600,
2026-08-23 14:10:00,0.016800,
2026-08-23 14:20:00,0.020000,
2026-08-23 14:30:00,0.018900,
2026-08-23 14:40:00,0.019800,
2026-08-23 14:50:00,0.020400,
2026-08-23 15:00:00,0.019600,
2026-08-23 15:10:00,0.016600,
2026-08-23 15:20:00,0.015900,
2026-08-23 15:30:00,0.012900,
2026-08-23 15:40:00,0.019100,
2026-08-23 15:50:00,0.014200,
2026-08-23 16:00:00,0.009700,
2026-08-23 16:10:00,0.012500,
2026-08-23 16:20:00,0.013300,
2026-08-23 16:30:00,0.010700,
2026-08-23 16:40:00,0.006900,
2026-08-23 16:50:00,0.006600,
2026-08-23 17:00:00,0.020900,
2026-08-23 17:10:00,0.019300,
2026-08-23 17:20:00,0.010200,
2026-08-23 17:30:00,0.006600,
2026-08-23 17:40:00,0.010300,
2026-08-23 17:50:00,0.005100,68002.052802
2026-08-23 18:00:00,0.007400,77405.536146
2026-08-23 18:10:00,0.011900,
2026-08-23 18:20:00,0.015400,
2026-08-23 18:30:00,0.017200,
2026-08-23 18:40:00,0.022600,81992.102512
2026-08-23 18:50:00,0.028700,
2026-08-23 19:00:00,0.029600,61485.402885
2026-08-23 19:10:00,0.020100,
2026-08-23 19:20:00,0.022300,
2026-08-23 19:30:00,0.018200,
2026-08-23 19:40:00,0.013700,
2026-08-23 19:50:00,0.011900,
2026-08-23 20:00:00,0.011700,
2026-08-23 20:10:00,0.010200,
2026-08-23 20:20:00,0.014200,
2026-08-23 20:30:00,0.018300,
2026-08-23 20:40:00,0.016300,
2026-08-23 20:50:00,0.016600,
2026-08-23 21:00:00,0.017900,
2026-08-23 21:10:00,0.015900,
2026-08-23 21:20:00,0.011500,
2026-08-23 21:30:00,0.011600,
2026-08-23 21:40:00,0.008800,
2026-08-23 21:50:00,0.012500,
2026-08-23 22:00:00,0.012200,
2026-08-23 22:10:00,0.013400,
2026-08-23 22:20:00,0.009300,
2026-08-23 22:30:00,0.010600,
2026-08-23 22:40:00,0.013400,
2026-08-23 22:50:00,0.013100,
2026-08-23 23:00:00,0.013700,
2026-08-23 23:10:00,0.013400,
2026-08-23 23:20:00,0.012500,
2026-08-23 23:30:00,0.016100,
2026-08-23 23:40:00,0.015300,
2026-08-23 23:50:00,0.016000,
2026-08-24 00:00:00,0.015500,
2026-08-24 00:10:00,0.020700,
2026-08-24 00:20:00,0.019300,
2026-08-24 00:30:00,0.018600,
2026-08-24 00:40:00,0.016900,
2026-08-24 00:50:00,0.018200,
2026-08-24 01:00:00,0.023400,
2026-08-24 01:10:00,0.018300,
2026-08-24 01:20:00,0.019900,
2026-08-24 01:30:00,0.019200,
2026-08-24 01:40:00,0.021900,
2026-08-24 01:50:00,0.018600,
2026-08-24 02:00:00,0.014900,
2026-08-24 02:10:00,0.014900,
2026-08-24 02:20:00,0.018700,
2026-08-24 02:30:00,0.018900,
2026-08-24 02:40:00,0.018100,
2026-08-24 02:50:00,0.019000,
2026-08-24 03:00:00,0.015900,
2026-08-24 03:10:00,0.016800,
2026-08-24 03:20:00,0.023100,
2026-08-24 03:30:00,0.020500,
2026-08-24 03:40:00,0.020400,
2026-08-24 03:50:00,0.020600,
2026-08-24 04:00:00,0.020400,
2026-08-24 04:10:00,0.017400,
2026-08-24 04:20:00,0.017100,
2026-08-24 04:30:00,0.021400,
2026-08-24 04:40:00,0.017400,
2026-08-24 04:50:00,0.015700,
2026-08-24 05:00:00,0.016400,
2026-08-24 05:10:00,0.019900,
2026-08-24 05:20:00,0.017200,
2026-08-24 05:30:00,0.016500,
2026-08-24 05:40:00,0.016000,
2026-08-24 05:50:00,0.015000,
2026-08-24 06:00:00,0.022000,
2026-08-24 06:10:00,0.018200,
2026-08-24 06:20:00,0.015700,
2026-08-24 06:30:00,0.013300,
2026-08-24 06:40:00,0.015100,
2026-08-24 06:50:00,0.018200,
2026-08-24 07:00:00,0.006700,
2026-08-24 07:10:00,0.015800,
2026-08-24 07:20:00,0.017400,
2026-08-24 07:30:00,0.010700,
2026-08-24 07:40:00,0.012900,
2026-08-24 07:50:00,0.013800,
2026-08-24 08:00:00,0.011000,
2026-08-24 08:10:00,0.012000,
2026-08-24 08:20:00,0.012500,
2026-08-24 08:30:00,0.013000,
2026-08-24 08:40:00,0.013200,
2026-08-24 08:50:00,0.013800,
2026-08-24 09:00:00,0.013200,
2026-08-24 09:10:00,0.010900,
2026-08-24 09:20:00,0.013200,
2026-08-24 09:30:00,0.017100,
2026-08-24 09:40:00,0.010600,
2026-08-24 09:50:00,0.012300,
2026-08-24 10:00:00,0.010700,
2026-08-24 10:10:00,0.005200,
2026-08-24 10:20:00,0.012600,
2026-08-24 10:30:00,0.009900,
2026-08-24 10:40:00,0.009600,
2026-08-24 10:50:00,0.011700,
2026-08-24 11:00:00,0.014100,
2026-08-24 11:10:00,0.014800,
2026-08-24 11:20:00,0.011000,
2026-08-24 11:30:00,0.008500,
2026-08-24 11:40:00,0.009500,
2026-08-24 11:50:00,0.007800,
2026-08-24 12:00:00,0.008200,
2026-08-24 12:10:00,0.010700,
2026-08-24 12:20:00,0.007900,
2026-08-24 12:30:00,0.009100,
2026-08-24 12:40:00,0.012600,
2026-08-24 12:50:00,0.009100,
2026-08-24 13:00:00,0.010500,
2026-08-24 13:10:00,0.009800,
2026-08-24 13:20:00,0.008800,
2026-08-24 13:30:00,0.009600,
2026-08-24 13:40:00,0.008300,
2026-08-24 13:50:00,0.009000,
2026-08-24 14:00:00,0.009600,
2026-08-24 14:10:00,0.006900,
2026-08-24 14:20:00,0.012000,
2026-08-24 14:30:00,0.007700,
2026-08-24 14:40:00,0.004900,
2026-08-24 14:50:00,0.004600,
2026-08-24 15:00:00,0.010600,
2026-08-24 15:10:00,-0.000600,
2026-08-24 15:20:00,0.005200,
2026-08-24 15:30:00,0.008000,
2026-08-24 15:40:00,0.006400,
2026-08-24 15:50:00,0.010600,
2026-08-24 16:00:00,0.006300,
2026-08-24 16:10:00,0.012100,
2026-08-24 16:20:00,0.007200,
2026-08-24 16:30:00,0.006400,
2026-08-24 16:40:00,0.005800,121158.926008
2026-08-24 16:50:00,0.006300,
2026-08-24 17:00:00,0.006200,
2026-08-24 17:10:00,0.006100,
2026-08-24 17:20:00,0.005900,
2026-08-24 17:30:00,0.008200,
2026-08-24 17:40:00,-0.001000,1161575.934545
2026-08-24 17:50:00,0.003600,858613.288744
2026-08-24 18:00:00,-0.002800,712110.854695
2026-08-24 18:10:00,0.001400,
2026-08-24 18:20:00,-0.000800,
2026-08-24 18:30:00,0.005900,
2026-08-24 18:40:00,-0.005300,
2026-08-24 18:50:00,-0.002800,
2026-08-24 19:00:00,-0.001000,
2026-08-24 19:10:00,-0.005700,
2026-08-24 19:20:00,-0.005600,
2026-08-24 19:30:00,0.003400,
2026-08-24 19:40:00,0.006900,
2026-08-24 19:50:00,-0.003100,
2026-08-24 20:00:00,0.001900,
2026-08-24 20:10:00,0.003100,
2026-08-24 20:20:00,0.004900,
2026-08-24 20:30:00,0.004400,
2026-08-24 20:40:00,-0.001100,
2026-08-24 20:50:00,-0.000400,
2026-08-24 21:00:00,0.005000,
2026-08-24 21:10:00,0.005000,
2026-08-24 21:20:00,-0.003300,
2026-08-24 21:30:00,0.000900,
2026-08-24 21:40:00,0.007200,
2026-08-24 21:50:00,0.003800,
2026-08-24 22:00:00,0.006200,
2026-08-24 22:10:00,0.008100,
2026-08-24 22:20:00,0.008700,
2026-08-24 22:30:00,0.000200,
2026-08-24 22:40:00,0.004300,
2026-08-24 22:50:00,0.005900,
2026-08-24 23:00:00,0.007500,
2026-08-24 23:10:00,0.005700,
2026-08-24 23:20:00,-0.001100,
2026-08-24 23:30:00,-0.004200,
2026-08-24 23:40:00,0.006200,
2026-08-24 23:50:00,0.007900,
2026-08-25 00:00:00,0.003100,
2026-08-25 00:10:00,-0.000300,
2026-08-25 00:20:00,0.001000,
2026-08-25 00:30:00,-0.003700,
2026-08-25 00:40:00,0.001700,
2026-08-25 00:50:00,-0.002700,
2026-08-25 01:00:00,-0.003500,
2026-08-25 01:10:00,-0.001900,
2026-08-25 01:20:00,0.004600,
2026-08-25 01:30:00,-0.001800,
2026-08-25 01:40:00,-0.001200,
2026-08-25 01:50:00,-0.003600,
2026-08-25 02:00:00,-0.008400,
2026-08-25 02:10:00,-0.002100,
2026-08-25 02:20:00,0.003700,
2026-08-25 02:30:00,0.002900,
2026-08-25 02:40:00,0.002500,
2026-08-25 02:50:00,0.000200,
2026-08-25 03:00:00,-0.002400,
2026-08-25 03:10:00,0.001300,
2026-08-25 03:20:00,0.003200,
2026-08-25 03:30:00,-0.000200,
2026-08-25 03:40:00,0.004300,
2026-08-25 03:50:00,0.003200,
2026-08-25 04:00:00,-0.001000,
2026-08-25 04:10:00,0.002200,
2026-08-25 04:20:00,0.003700,
2026-08-25 04:30:00,0.003300,
2026-08-25 04:40:00,0.001700,
2026-08-25 04:50:00,0.002300,
2026-08-25 05:00:00,0.000700,
2026-08-25 05:10:00,-0.000500,
2026-08-25 05:20:00,-0.000600,
2026-08-25 05:30:00,0.001800,
2026-08-25 05:40:00,-0.002300,
2026-08-25 05:50:00,0.001700,
2026-08-25 06:00:00,-0.004800,
2026-08-25 06:10:00,-0.000400,
2026-08-25 06:20:00,-0.000300,
2026-08-25 06:30:00,0.000600,
2026-08-25 06:40:00,0.000600,
2026-08-25 06:50:00,-0.000600,
2026-08-25 07:00:00,-0.000400,
2026-08-25 07:10:00,-0.002200,
2026-08-25 07:20:00,-0.002400,
2026-08-25 07:30:00,0.002000,
2026-08-25 07:40:00,0.000200,
2026-08-25 07:50:00,-0.002700,
2026-08-25 08:00:00,-0.000600,
2026-08-25 08:10:00,0.003900,
2026-08-25 08:20:00,-0.002700,
2026-08-25 08:30:00,0.002100,
2026-08-25 08:40:00,-0.000300,
2026-08-25 08:50:00,0.000100,
2026-08-25 09:00:00,-0.004100,
2026-08-25 09:10:00,-0.001100,
2026-08-25 09:20:00,-0.003900,
2026-08-25 09:30:00,-0.006700,
2026-08-25 09:40:00,-0.003500,
2026-08-25 09:50:00,0.005400,
2026-08-25 10:00:00,-0.004300,
2026-08-25 10:10:00,0.002600,
2026-08-25 10:20:00,0.000800,
2026-08-25 10:30:00,-0.000600,
2026-08-25 10:40:00,0.000300,
2026-08-25 10:50:00,-0.000300,
2026-08-25 11:00:00,0.003500,
2026-08-25 11:10:00,0.002600,
2026-08-25 11:20:00,-0.000300,
2026-08-25 11:30:00,0.004200,
2026-08-25 11:40:00,0.002700,
2026-08-25 11:50:00,-0.000800,
2026-08-25 12:00:00,0.000800,
2026-08-25 12:10:00,0.003100,
2026-08-25 12:20:00,0.005500,
2026-08-25 12:30:00,0.003500,
2026-08-25 12:40:00,0.004200,
2026-08-25 12:50:00,0.004800,
2026-08-25 13:00:00,0.004400,
2026-08-25 13:10:00,0.004100,
2026-08-25 13:20:00,0.003900,
2026-08-25 13:30:00,0.002900,
2026-08-25 13:40:00,0.006600,
2026-08-25 13:50:00,0.004800,
2026-08-25 14:00:00,0.005500,
2026-08-25 14:10:00,0.006600,
2026-08-25 14:20:00,0.006900,
2026-08-25 14:30:00,0.009700,
2026-08-25 14:40:00,0.013700,
2026-08-25 14:50:00,0.009700,
2026-08-25 15:00:00,0.010900,
2026-08-25 15:10:00,0.007100,
2026-08-25 15:20:00,0.008500,
2026-08-25 15:30:00,0.005400,
2026-08-25 15:40:00,0.009700,
2026-08-25 15:50:00,0.005400,
2026-08-25 16:00:00,0.010400,
2026-08-25 16:10:00,0.012900,
2026-08-25 16:20:00,0.007500,
2026-08-25 16:30:00,0.004200,
2026-08-25 16:40:00,0.000800,
2026-08-25 16:50:00,0.011000,
2026-08-25 17:00:00,0.012100,
2026-08-25 17:10:00,0.010100,
2026-08-25 17:20:00,0.011800,
2026-08-25 17:30:00,0.012700,
2026-08-25 17:40:00,0.007000,
2026-08-25 17:50:00,0.007600,
2026-08-25 18:00:00,0.008300,
2026-08-25 18:10:00,-0.004200,
2026-08-25 18:20:00,-0.004800,
2026-08-25 18:30:00,-0.001200,
2026-08-25 18:40:00,-0.000200,
2026-08-25 18:50:00,0.002500,
2026-08-25 19:00:00,0.002300,
2026-08-25 19:10:00,0.004500,
2026-08-25 19:20:00,0.008200,
2026-08-25 19:30:00,0.009500,
2026-08-25 19:40:00,0.006100,
2026-08-25 19:50:00,0.010500,
2026-08-25 20:00:00,0.005800,
2026-08-25 20:10:00,0.014400,
2026-08-25 20:20:00,0.008600,
2026-08-25 20:30:00,0.008000,
2026-08-25 20:40:00,0.008100,
2026-08-25 20:50:00,0.006700,418116.788294
2026-08-25 21:00:00,0.006500,
2026-08-25 21:10:00,0.011300,
2026-08-25 21:20:00,0.008000,
2026-08-25 21:30:00,0.005000,
2026-08-25 21:40:00,0.004400,
2026-08-25 21:50:00,0.004400,
2026-08-25 22:00:00,0.002900,
2026-08-25 22:10:00,0.002700,
2026-08-25 22:20:00,-0.000700,
2026-08-25 22:30:00,-0.001500,
2026-08-25 22:40:00,0.001100,
2026-08-25 22:50:00,0.004500,
2026-08-25 23:00:00,0.007100,
2026-08-25 23:10:00,0.003300,
2026-08-25 23:20:00,-0.000700,
2026-08-25 23:30:00,0.002900,
2026-08-25 23:40:00,0.001600,
2026-08-25 23:50:00,-0.003700,
2026-08-26 00:00:00,-0.003900,
2026-08-26 00:10:00,0.002700,
2026-08-26 00:20:00,0.004000,
2026-08-26 00:30:00,0.006700,
2026-08-26 00:40:00,0.002600,
2026-08-26 00:50:00,-0.001500,
2026-08-26 01:00:00,0.003900,
2026-08-26 01:10:00,0.003000,
2026-08-26 01:20:00,-0.001300,
2026-08-26 01:30:00,-0.006000,
2026-08-26 01:40:00,0.001500,
2026-08-26 01:50:00,0.001100,
2026-08-26 02:00:00,0.006500,
2026-08-26 02:10:00,0.005100,
2026-08-26 02:20:00,0.005500,
2026-08-26 02:30:00,0.007800,
2026-08-26 02:40:00,0.008700,
2026-08-26 02:50:00,0.009700,
2026-08-26 03:00:00,0.008600,
2026-08-26 03:10:00,0.008100,
2026-08-26 03:20:00,0.006200,
2026-08-26 03:30:00,0.007700,
2026-08-26 03:40:00,0.005800,
2026-08-26 03:50:00,0.006100,
2026-08-26 04:00:00,0.008000,
2026-08-26 04:10:00,0.006600,
2026-08-26 04:20:00,0.005100,
2026-08-26 04:30:00,0.005700,
2026-08-26 04:40:00,0.005200,
2026-08-26 04:50:00,0.004300,
2026-08-26 05:00:00,0.003800,
2026-08-26 05:10:00,0.001700,
2026-08-26 05:20:00,0.002700,
2026-08-26 05:30:00,0.006400,
2026-08-26 05:40:00,0.006800,
2026-08-26 05:50:00,0.007400,
2026-08-26 06:00:00,0.011500,
2026-08-26 06:10:00,0.006400,
2026-08-26 06:20:00,0.006800,
2026-08-26 06:30:00,0.007900,
2026-08-26 06:40:00,0.005400,
2026-08-26 06:50:00,0.003000,
2026-08-26 07:00:00,0.007100,
2026-08-26 07:10:00,-0.000200,
2026-08-26 07:20:00,0.003600,
2026-08-26 07:30:00,0.002400,
2026-08-26 07:40:00,0.000500,
2026-08-26 07:50:00,0.006900,
2026-08-26 08:00:00,0.002500,
2026-08-26 08:10:00,-0.002800,
2026-08-26 08:20:00,-0.001900,
2026-08-26 08:30:00,-0.001100,
2026-08-26 08:40:00,0.002200,
2026-08-26 08:50:00,-0.000900,
2026-08-26 09:00:00,0.000800,
2026-08-26 09:10:00,0.002300,
2026-08-26 09:20:00,0.003900,
2026-08-26 09:30:00,0.007100,
2026-08-26 09:40:00,0.005700,
2026-08-26 09:50:00,0.001700,
2026-08-26 10:00:00,0.003500,
2026-08-26 10:10:00,0.005100,
2026-08-26 10:20:00,0.004300,
2026-08-26 10:30:00,0.002700,
2026-08-26 10:40:00,0.003500,
2026-08-26 10:50:00,-0.000800,
2026-08-26 11:00:00,0.005300,
2026-08-26 11:10:00,0.004500,
2026-08-26 11:20:00,0.003500,
2026-08-26 11:30:00,-0.001300,
2026-08-26 11:40:00,0.002700,
2026-08-26 11:50:00,0.003200,
2026-08-26 12:00:00,0.004300,
2026-08-26 12:10:00,0.004100,
2026-08-26 12:20:00,0.006900,
2026-08-26 12:30:00,-0.003300,
2026-08-26 12:40:00,0.007200,
2026-08-26 12:50:00,-0.000900,
2026-08-26 13:00:00,0.002600,
2026-08-26 13:10:00,0.003800,
2026-08-26 13:20:00,0.008500,
2026-08-26 13:30:00,0.006300,
2026-08-26 13:40:00,0.004300,
2026-08-26 13:50:00,0.005000,
2026-08-26 14:00:00,0.006800,
2026-08-26 14:10:00,0.002900,
2026-08-26 14:20:00,0.007200,
2026-08-26 14:30:00,0.005000,
2026-08-26 14:40:00,0.006300,
2026-08-26 14:50:00,0.008700,
2026-08-26 15:00:00,0.011300,
2026-08-26 15:10:00,0.011100,
2026-08-26 15:20:00,0.013500,
2026-08-26 15:30:00,0.017000,
2026-08-26 15:40:00,0.011400,
2026-08-26 15:50:00,0.012000,
2026-08-26 16:00:00,0.008400,
2026-08-26 16:10:00,0.002600,
2026-08-26 16:20:00,0.003300,
2026-08-26 16:30:00,-0.000300,
2026-08-26 16:40:00,0.003100,
2026-08-26 16:50:00,0.006500,
2026-08-26 17:00:00,0.000400,
2026-08-26 17:10:00,0.005000,
2026-08-26 17:20:00,0.005500,
2026-08-26 17:30:00,0.013900,
2026-08-26 17:40:00,0.001400,
2026-08-26 17:50:00,0.004900,
2026-08-26 18:00:00,-0.002900,
2026-08-26 18:10:00,-0.000000,
2026-08-26 18:20:00,0.004500,
2026-08-26 18:30:00,0.003700,
2026-08-26 18:40:00,-0.003100,
2026-08-26 18:50:00,-0.002300,
2026-08-26 19:00:00,-0.002500,
2026-08-26 19:10:00,0.003000,
2026-08-26 19:20:00,0.000300,
2026-08-26 19:30:00,-0.000900,
2026-08-26 19:40:00,-0.006100,
2026-08-26 19:50:00,-0.004700,
2026-08-26 20:00:00,-0.002700,
2026-08-26 20:10:00,-0.001400,
2026-08-26 20:20:00,0.002000,
2026-08-26 20:30:00,0.001800,
2026-08-26 20:40:00,0.003800,
2026-08-26 20:50:00,0.005800,
2026-08-26 21:00:00,0.001300,
2026-08-26 21:10:00,0.003200,
2026-08-26 21:20:00,0.003600,
2026-08-26 21:30:00,-0.000200,
2026-08-26 21:40:00,0.000200,
2026-08-26 21:50:00,0.000100,
2026-08-26 22:00:00,-0.000700,
2026-08-26 22:10:00,-0.003300,
2026-08-26 22:20:00,0.002800,
2026-08-26 22:30:00,0.000400,
2026-08-26 22:40:00,-0.006300,
2026-08-26 22:50:00,-0.001100,
2026-08-26 23:00:00,0.000900,
2026-08-26 23:10:00,0.002000,
2026-08-26 23:20:00,-0.005600,
2026-08-26 23:30:00,-0.002900,
2026-08-26 23:40:00,-0.005600,
2026-08-26 23:50:00,-0.010900,
2026-08-27 00:00:00,-0.001700,
2026-08-27 00:10:00,0.002500,
2026-08-27 00:20:00,-0.000600,
2026-08-27 00:30:00,-0.002900,
2026-08-27 00:40:00,0.001800,
2026-08-27 00:50:00,-0.002300,
2026-08-27 01:00:00,-0.003000,
2026-08-27 01:10:00,-0.002800,
2026-08-27 01:20:00,-0.004600,
2026-08-27 01:30:00,0.009700,
2026-08-27 01:40:00,0.002200,
2026-08-27 01:50:00,-0.004300,
2026-08-27 02:00:00,0.002200,
2026-08-27 02:10:00,0.002700,
2026-08-27 02:20:00,0.004100,
2026-08-27 02:30:00,-0.001900,
2026-08-27 02:40:00,-0.001200,
2026-08-27 02:50:00,-0.001200,
2026-08-27 03:00:00,0.000300,
2026-08-27 03:10:00,0.000400,
2026-08-27 03:20:00,-0.000400,
2026-08-27 03:30:00,-0.003700,
2026-08-27 03:40:00,-0.003100,
2026-08-27 03:50:00,-0.007300,
2026-08-27 04:00:00,-0.001200,
2026-08-27 04:10:00,-0.003600,
2026-08-27 04:20:00,-0.006900,
2026-08-27 04:30:00,-0.003000,
2026-08-27 04:40:00,-0.002400,
2026-08-27 04:50:00,0.000600,
2026-08-27 05:00:00,-0.003000,
2026-08-27 05:10:00,-0.008500,
2026-08-27 05:20:00,-0.003300,
2026-08-27 05:30:00,-0.009600,
2026-08-27 05:40:00,-0.002800,
2026-08-27 05:50:00,-0.005700,
2026-08-27 06:00:00,0.000000,
2026-08-27 06:10:00,-0.007900,
2026-08-27 06:20:00,-0.001500,
2026-08-27 06:30:00,-0.004800,
2026-08-27 06:40:00,-0.001200,
2026-08-27 06:50:00,-0.007600,
2026-08-27 07:00:00,0.003900,
2026-08-27 07:10:00,-0.012300,
2026-08-27 07:20:00,-0.010100,
2026-08-27 07:30:00,-0.008900,
2026-08-27 07:40:00,-0.010500,
2026-08-27 07:50:00,-0.004400,
2026-08-27 08:00:00,-0.011400,
2026-08-27 08:10:00,-0.011400,
2026-08-27 08:20:00,-0.008000,
2026-08-27 08:30:00,0.002400,
2026-08-27 08:40:00,0.001900,
2026-08-27 08:50:00,-0.000600,
2026-08-27 09:00:00,-0.001200,
2026-08-27 09:10:00,0.003300,
2026-08-27 09:20:00,-0.001100,
2026-08-27 09:30:00,0.005600,
2026-08-27 09:40:00,0.006000,
2026-08-27 09:50:00,0.002100,
2026-08-27 10:00:00,0.004600,
2026-08-27 10:10:00,0.006300,
2026-08-27 10:20:00,0.002900,
2026-08-27 10:30:00,0.004000,
2026-08-27 10:40:00,0.009300,
2026-08-27 10:50:00,0.005100,
2026-08-27 11:00:00,0.006500,
2026-08-27 11:10:00,0.003100,
2026-08-27 11:20:00,0.003500,
2026-08-27 11:30:00,0.006600,
2026-08-27 11:40:00,0.007400,
2026-08-27 11:50:00,0.006300,
2026-08-27 12:00:00,0.010700,
2026-08-27 12:10:00,0.000700,
2026-08-27 12:20:00,-0.001700,
2026-08-27 12:30:00,0.008900,
2026-08-27 12:40:00,0.008100,
2026-08-27 12:50:00,0.011200,
2026-08-27 13:00:00,0.004000,
2026-08-27 13:10:00,0.003100,
2026-08-27 13:20:00,0.005100,
2026-08-27 13:30:00,0.005500,
2026-08-27 13:40:00,0.000200,
2026-08-27 13:50:00,0.003500,
2026-08-27 14:00:00,0.000200,
2026-08-27 14:10:00,0.002800,
2026-08-27 14:20:00,0.004900,
2026-08-27 14:30:00,0.002200,
2026-08-27 14:40:00,0.007400,
2026-08-27 14:50:00,0.001700,
2026-08-27 15:00:00,0.002200,
2026-08-27 15:10:00,0.004300,
2026-08-27 15:20:00,0.000300,
2026-08-27 15:30:00,0.002000,
2026-08-27 15:40:00,0.001800,
2026-08-27 15:50:00,0.004200,
2026-08-27 16:00:00,-0.003200,
2026-08-27 16:10:00,0.007300,
2026-08-27 16:20:00,0.011400,
2026-08-27 16:30:00,0.002300,
2026-08-27 16:40:00,0.007700,
2026-08-27 16:50:00,0.004800,
2026-08-27 17:00:00,0.008200,
2026-08-27 17:10:00,0.006900,
2026-08-27 17:20:00,0.007400,
2026-08-27 17:30:00,0.004800,
2026-08-27 17:40:00,0.006500,
2026-08-27 17:50:00,0.005700,
2026-08-27 18:00:00,0.004500,
2026-08-27 18:10:00,-0.000100,
2026-08-27 18:20:00,0.009000,
2026-08-27 18:30:00,0.009600,
2026-08-27 18:40:00,0.003100,
2026-08-27 18:50:00,0.004500,
2026-08-27 19:00:00,0.013600,
2026-08-27 19:10:00,0.004900,
2026-08-27 19:20:00,0.004400,
2026-08-27 19:30:00,0.009400,
2026-08-27 19:40:00,0.004300,
2026-08-27 19:50:00,0.010900,
2026-08-27 20:00:00,0.013000,
2026-08-27 20:10:00,0.014400,
2026-08-27 20:20:00,0.011800,
2026-08-27 20:30:00,0.015600,
2026-08-27 20:40:00,0.015700,
2026-08-27 20:50:00,0.012500,
2026-08-27 21:00:00,0.009700,
2026-08-27 21:10:00,0.020200,
2026-08-27 21:20:00,0.024900,
2026-08-27 21:30:00,0.021000,
2026-08-27 21:40:00,0.018500,
2026-08-27 21:50:00,0.015600,
2026-08-27 22:00:00,0.012600,
2026-08-27 22:10:00,0.020000,
2026-08-27 22:20:00,0.020000,
2026-08-27 22:30:00,0.025100,
2026-08-27 22:40:00,0.019100,
2026-08-27 22:50:00,0.018400,
2026-08-27 23:00:00,0.018400,
2026-08-27 23:10:00,0.021100,
2026-08-27 23:20:00,0.025300,
2026-08-27 23:30:00,0.025400,
2026-08-27 23:40:00,0.022400,
2026-08-27 23:50:00,0.024000,
2026-08-28 00:00:00,0.022400,
2026-08-28 00:10:00,0.025700,
2026-08-28 00:20:00,0.029200,
2026-08-28 00:30:00,0.030700,
2026-08-28 00:40:00,0.029200,
2026-08-28 00:50:00,0.032200,
2026-08-28 01:00:00,0.028900,
2026-08-28 01:10:00,0.029900,
2026-08-28 01:20:00,0.034800,
2026-08-28 01:30:00,0.030300,
2026-08-28 01:40:00,0.034200,
2026-08-28 01:50:00,0.030900,
2026-08-28 02:00:00,0.033500,
2026-08-28 02:10:00,0.032200,
2026-08-28 02:20:00,0.029300,
2026-08-28 02:30:00,0.026900,
2026-08-28 02:40:00,0.030400,
2026-08-28 02:50:00,0.030800,
2026-08-28 03:00:00,0.033100,
2026-08-28 03:10:00,0.032500,
2026-08-28 03:20:00,0.030100,
2026-08-28 03:30:00,0.030200,
2026-08-28 03:40:00,0.031800,
2026-08-28 03:50:00,0.031800,
2026-08-28 04:00:00,0.033400,
2026-08-28 04:10:00,0.032600,
2026-08-28 04:20:00,0.034000,
2026-08-28 04:30:00,0.032500,
2026-08-28 04:40:00,0.032800,
2026-08-28 04:50:00,0.034100,
2026-08-28 05:00:00,0.032700,
2026-08-28 05:10:00,0.032500,
2026-08-28 05:20:00,0.033500,
2026-08-28 05:30:00,0.030200,
2026-08-28 05:40:00,0.029700,
2026-08-28 05:50:00,0.032500,
2026-08-28 06:00:00,0.034300,
2026-08-28 06:10:00,0.029900,
2026-08-28 06:20:00,0.031200,
2026-08-28 06:30:00,0.029200,
2026-08-28 06:40:00,0.031300,
2026-08-28 06:50:00,0.032400,
2026-08-28 07:00:00,0.032600,
2026-08-28 07:10:00,0.025100,
2026-08-28 07:20:00,0.030700,
2026-08-28 07:30:00,0.030100,
2026-08-28 07:40:00,0.028700,
2026-08-28 07:50:00,0.030300,
2026-08-28 08:00:00,0.030400,
2026-08-28 08:10:00,0.032200,
2026-08-28 08:20:00,0.032700,
2026-08-28 08:30:00,0.029400,
2026-08-28 08:40:00,0.030500,
2026-08-28 08:50:00,0.032000,
2026-08-28 09:00:00,0.031600,
2026-08-28 09:10:00,0.035500,
2026-08-28 09:20:00,0.034900,
2026-08-28 09:30:00,0.037100,
2026-08-28 09:40:00,0.036500,
2026-08-28 09:50:00,0.034700,
2026-08-28 10:00:00,0.032400,
2026-08-28 10:10:00,0.034000,
2026-08-28 10:20:00,0.039200,
2026-08-28 10:30:00,0.037700,
2026-08-28 10:40:00,0.035300,
2026-08-28 10:50:00,0.036400,
2026-08-28 11:00:00,0.039200,
2026-08-28 11:10:00,0.038700,
2026-08-28 11:20:00,0.037300,
2026-08-28 11:30:00,0.037200,
2026-08-28 11:40:00,0.038100,
2026-08-28 11:50:00,0.040000,
2026-08-28 12:00:00,0.037200,
2026-08-28 12:10:00,0.038500,
2026-08-28 12:20:00,0.038000,
2026-08-28 12:30:00,0.035700,
2026-08-28 12:40:00,0.039500,
2026-08-28 12:50:00,0.034400,
2026-08-28 13:00:00,0.041100,
2026-08-28 13:10:00,0.044600,
2026-08-28 13:20:00,0.047300,
2026-08-28 13:30:00,0.050200,
2026-08-28 13:40:00,0.056500,
2026-08-28 13:50:00,0.058900,
2026-08-28 14:00:00,0.060400,
2026-08-28 14:10:00,0.063400,
2026-08-28 14:20:00,0.067500,
2026-08-28 14:30:00,0.070000,
2026-08-28 14:40:00,0.072500,
2026-08-28 14:50:00,0.077400,
2026-08-28 15:00:00,0.076600,
2026-08-28 15:10:00,0.089900,
2026-08-28 15:20:00,0.090800,
2026-08-28 15:30:00,0.095600,
2026-08-28 15:40:00,0.104800,
2026-08-28 15:50:00,0.110500,
2026-08-28 16:00:00,0.114000,
2026-08-28 16:10:00,0.121200,
2026-08-28 16:20:00,0.123000,
2026-08-28 16:30:00,0.126900,
2026-08-28 16:40:00,0.133000,
2026-08-28 16:50:00,0.136000,
2026-08-28 17:00:00,0.137800,
2026-08-28 17:10:00,0.150500,
2026-08-28 17:20:00,0.160600,
2026-08-28 17:30:00,0.164100,
2026-08-28 17:40:00,0.167000,
2026-08-28 17:50:00,0.166900,
2026-08-28 18:00:00,0.169900,
2026-08-28 18:10:00,0.172300,
2026-08-28 18:20:00,0.173300,
2026-08-28 18:30:00,0.168800,
2026-08-28 18:40:00,0.168700,
2026-08-28 18:50:00,0.170400,
2026-08-28 19:00:00,0.171700,
2026-08-28 19:10:00,0.175500,
2026-08-28 19:20:00,0.178900,
2026-08-28 19:30:00,0.176400,
2026-08-28 19:40:00,0.181200,
2026-08-28 19:50:00,0.184700,
2026-08-28 20:00:00,0.189400,
2026-08-28 20:10:00,0.188800,
2026-08-28 20:20:00,0.197300,
2026-08-28 20:30:00,0.204700,
2026-08-28 20:40:00,0.202900,
2026-08-28 20:50:00,0.223000,
2026-08-28 21:00:00,0.232300,
2026-08-28 21:10:00,0.237200,
2026-08-28 21:20:00,0.241500,
2026-08-28 21:30:00,0.248600,
2026-08-28 21:40:00,0.255900,
2026-08-28 21:50:00,0.276900,
2026-08-28 22:00:00,0.283400,
2026-08-28 22:10:00,0.287800,
2026-08-28 22:20:00,0.314100,
2026-08-28 22:30:00,0.308600,
2026-08-28 22:40:00,0.314900,
2026-08-28 22:50:00,0.309800,
2026-08-28 23:00:00,0.316900,
2026-08-28 23:10:00,0.313600,
2026-08-28 23:20:00,0.309300,
2026-08-28 23:30:00,0.315600,
2026-08-28 23:40:00,0.315400,
2026-08-28 23:50:00,0.304600,
2026-08-29 00:00:00,0.310000,
2026-08-29 00:10:00,0.314000,
2026-08-29 00:20:00,0.306400,
2026-08-29 00:30:00,0.310800,
2026-08-29 00:40:00,0.312700,
2026-08-29 00:50:00,0.306800,
2026-08-29 01:00:00,0.303900,
2026-08-29 01:10:00,0.299500,
2026-08-29 01:20:00,0.293100,
2026-08-29 01:30:00,0.304600,
2026-08-29 01:40:00,0.291400,
2026-08-29 01:50:00,0.294700,
2026-08-29 02:00:00,0.286200,
2026-08-29 02:10:00,0.278500,
2026-08-29 02:20:00,0.273900,
2026-08-29 02:30:00,0.285200,
2026-08-29 02:40:00,0.280700,
2026-08-29 02:50:00,0.275400,
2026-08-29 03:00:00,0.273200,
2026-08-29 03:10:00,0.255800,
2026-08-29 03:20:00,0.269500,
2026-08-29 03:30:00,0.253500,
2026-08-29 03:40:00,0.260800,
2026-08-29 03:50:00,0.248500,
2026-08-29 04:00:00,0.249300,
2026-08-29 04:10:00,0.255800,
2026-08-29 04:20:00,0.242100,
2026-08-29 04:30:00,0.248900,
2026-08-29 04:40:00,0.245500,
2026-08-29 04:50:00,0.236200,
2026-08-29 05:00:00,0.238100,
2026-08-29 05:10:00,0.241200,
2026-08-29 05:20:00,0.236100,
2026-08-29 05:30:00,0.233600,
2026-08-29 05:40:00,0.225600,
2026-08-29 05:50:00,0.230100,
2026-08-29 06:00:00,0.227300,
2026-08-29 06:10:00,0.235900,
2026-08-29 06:20:00,0.240300,
2026-08-29 06:30:00,0.237200,
2026-08-29 06:40:00,0.241500,
2026-08-29 06:50:00,0.234600,
2026-08-29 07:00:00,0.238600,
2026-08-29 07:10:00,0.245200,
2026-08-29 07:20:00,0.245400,
2026-08-29 07:30:00,0.248600,
2026-08-29 07:40:00,0.238000,
2026-08-29 07:50:00,0.249500,
2026-08-29 08:00:00,0.238400,
2026-08-29 08:10:00,0.245400,
2026-08-29 08:20:00,0.242100,
2026-08-29 08:30:00,0.241400,
2026-08-29 08:40:00,0.238700,
2026-08-29 08:50:00,0.236000,
2026-08-29 09:00:00,0.234500,
2026-08-29 09:10:00,0.231400,
2026-08-29 09:20:00,0.223400,
2026-08-29 09:30:00,0.228300,
2026-08-29 09:40:00,0.232300,
2026-08-29 09:50:00,0.220600,
2026-08-29 10:00:00,0.223100,
2026-08-29 10:10:00,0.216600,
2026-08-29 10:20:00,0.212800,
2026-08-29 10:30:00,0.213700,
2026-08-29 10:40:00,0.210500,
2026-08-29 10:50:00,0.208200,
2026-08-29 11:00:00,0.202600,
2026-08-29 11:10:00,0.201600,
2026-08-29 11:20:00,0.201700,
2026-08-29 11:30:00,0.191400,
2026-08-29 11:40:00,0.194100,
2026-08-29 11:50:00,0.191200,
2026-08-29 12:00:00,0.192100,
2026-08-29 12:10:00,0.186600,
2026-08-29 12:20:00,0.182900,
2026-08-29 12:30:00,0.187000,
2026-08-29 12:40:00,0.179100,
2026-08-29 12:50:00,0.177300,
2026-08-29 13:00:00,0.174900,
2026-08-29 13:10:00,0.166300,
2026-08-29 13:20:00,0.166800,
2026-08-29 13:30:00,0.166100,
2026-08-29 13:40:00,0.166900,
2026-08-29 13:50:00,0.161800,
2026-08-29 14:00:00,0.161700,
2026-08-29 14:10:00,0.151100,
2026-08-29 14:20:00,0.159500,
2026-08-29 14:30:00,0.152900,
2026-08-29 14:40:00,0.150800,
2026-08-29 14:50:00,0.147000,
2026-08-29 15:00:00,0.147900,
2026-08-29 15:10:00,0.148400,
2026-08-29 15:20:00,0.148300,
2026-08-29 15:30:00,0.144300,
2026-08-29 15:40:00,0.142200,
2026-08-29 15:50:00,0.141700,
2026-08-29 16:00:00,0.140400,
2026-08-29 16:10:00,0.129400,
2026-08-29 16:20:00,0.126600,
2026-08-29 16:30:00,0.128000,
2026-08-29 16:40:00,0.125100,
2026-08-29 16:50:00,0.126100,
2026-08-29 17:00:00,0.123300,
2026-08-29 17:10:00,0.125500,
2026-08-29 17:20:00,0.124800,
2026-08-29 17:30:00,0.130400,
2026-08-29 17:40:00,0.128200,
2026-08-29 17:50:00,0.124700,
2026-08-29 18:00:00,0.128600,
2026-08-29 18:10:00,0.127300,
2026-08-29 18:20:00,0.123800,
2026-08-29 18:30:00,0.126100,
2026-08-29 18:40:00,0.126300,
2026-08-29 18:50:00,0.123800,
2026-08-29 19:00:00,0.122500,
2026-08-29 19:10:00,0.119700,
2026-08-29 19:20:00,0.122900,
2026-08-29 19:30:00,0.119400,
2026-08-29 19:40:00,0.120600,
2026-08-29 19:50:00,0.112800,
2026-08-29 20:00:00,0.116500,
2026-08-29 20:10:00,0.117800,
2026-08-29 20:20:00,0.113900,
2026-08-29 20:30:00,0.111500,
2026-08-29 20:40:00,0.113300,
2026-08-29 20:50:00,0.109900,
2026-08-29 21:00:00,0.114200,
2026-08-29 21:10:00,0.115100,
2026-08-29 21:20:00,0.113900,
2026-08-29 21:30:00,0.111900,
2026-08-29 21:40:00,0.109200,
2026-08-29 21:50:00,0.110300,
2026-08-29 22:00:00,0.111900,
2026-08-29 22:10:00,0.108300,
2026-08-29 22:20:00,0.110100,
2026-08-29 22:30:00,0.111100,
2026-08-29 22:40:00,0.111600,
2026-08-29 22:50:00,0.113400,
2026-08-29 23:00:00,0.118500,
2026-08-29 23:10:00,0.120600,
2026-08-29 23:20:00,0.124300,
2026-08-29 23:30:00,0.129500,
2026-08-29 23:40:00,0.131700,
2026-08-29 23:50:00,0.139800,
2026-08-30 00:00:00,0.146700,
2026-08-30 00:10:00,0.155000,
2026-08-30 00:20:00,0.171100,
2026-08-30 00:30:00,0.174100,
2026-08-30 00:40:00,0.186900,
2026-08-30 00:50:00,0.205100,
2026-08-30 01:00:00,0.215000,
2026-08-30 01:10:00,0.220900,
2026-08-30 01:20:00,0.232100,
2026-08-30 01:30:00,0.254300,
2026-08-30 01:40:00,0.255900,
2026-08-30 01:50:00,0.270900,
2026-08-30 02:00:00,0.268500,
2026-08-30 02:10:00,0.276700,
2026-08-30 02:20:00,0.282700,
2026-08-30 02:30:00,0.294100,
2026-08-30 02:40:00,0.297500,
2026-08-30 02:50:00,0.298700,
2026-08-30 03:00:00,0.297600,
2026-08-30 03:10:00,0.296500,
2026-08-30 03:20:00,0.284600,
2026-08-30 03:30:00,0.278200,
2026-08-30 03:40:00,0.287300,
2026-08-30 03:50:00,0.272700,
2026-08-30 04:00:00,0.277800,
2026-08-30 04:10:00,0.264100,
2026-08-30 04:20:00,0.252800,
2026-08-30 04:30:00,0.255900,
2026-08-30 04:40:00,0.248600,
2026-08-30 04:50:00,0.244800,
2026-08-30 05:00:00,0.230500,
2026-08-30 05:10:00,0.249700,
2026-08-30 05:20:00,0.235600,
2026-08-30 05:30:00,0.237200,
2026-08-30 05:40:00,0.240900,
2026-08-30 05:50:00,0.237700,
2026-08-30 06:00:00,0.242300,
2026-08-30 06:10:00,0.253500,
2026-08-30 06:20:00,0.243100,
2026-08-30 06:30:00,0.242300,
2026-08-30 06:40:00,0.247200,
2026-08-30 06:50:00,0.251400,
2026-08-30 07:00:00,0.248400,
2026-08-30 07:10:00,0.243200,
2026-08-30 07:20:00,0.235400,
2026-08-30 07:30:00,0.240900,
2026-08-30 07:40:00,0.237900,
2026-08-30 07:50:00,0.230200,
2026-08-30 08:00:00,0.230100,
2026-08-30 08:10:00,0.219400,
2026-08-30 08:20:00,0.221600,
2026-08-30 08:30:00,0.215100,
2026-08-30 08:40:00,0.224400,
2026-08-30 08:50:00,0.217400,
2026-08-30 09:00:00,0.221400,
2026-08-30 09:10:00,0.227100,
2026-08-30 09:20:00,0.223600,
2026-08-30 09:30:00,0.219300,
2026-08-30 09:40:00,0.226300,
2026-08-30 09:50:00,0.223900,
2026-08-30 10:00:00,0.230900,
2026-08-30 10:10:00,0.233200,
2026-08-30 10:20:00,0.235400,
2026-08-30 10:30:00,0.242400,
2026-08-30 10:40:00,0.241700,
2026-08-30 10:50:00,0.256700,
2026-08-30 11:00:00,0.256600,
2026-08-30 11:10:00,0.272600,
2026-08-30 11:20:00,0.278000,
2026-08-30 11:30:00,0.274100,
2026-08-30 11:40:00,0.293400,
2026-08-30 11:50:00,0.293000,
2026-08-30 12:00:00,0.309500,
2026-08-30 12:10:00,0.317400,
2026-08-30 12:20:00,0.324400,
2026-08-30 12:30:00,0.321400,
2026-08-30 12:40:00,0.337800,
2026-08-30 12:50:00,0.348900,
2026-08-30 13:00:00,0.356000,
2026-08-30 13:10:00,0.341100,
2026-08-30 13:20:00,0.353300,
2026-08-30 13:30:00,0.347400,
2026-08-30 13:40:00,0.350300,
2026-08-30 13:50:00,0.333300,
2026-08-30 14:00:00,0.340500,
2026-08-30 14:10:00,0.336900,
2026-08-30 14:20:00,0.333600,
2026-08-30 14:30:00,0.323500,
2026-08-30 14:40:00,0.326000,
2026-08-30 14:50:00,0.303700,
2026-08-30 15:00:00,0.306000,
2026-08-30 15:10:00,0.297800,
2026-08-30 15:20:00,0.318200,
2026-08-30 15:30:00,0.311600,
2026-08-30 15:40:00,0.296700,
2026-08-30 15:50:00,0.341800,
2026-08-30 16:00:00,0.330000,
2026-08-30 16:10:00,0.336400,
2026-08-30 16:20:00,0.362700,
2026-08-30 16:30:00,0.360900,
2026-08-30 16:40:00,0.400300,
2026-08-30 16:50:00,0.431800,
2026-08-30 17:00:00,0.489500,
2026-08-30 17:10:00,0.500700,
2026-08-30 17:20:00,0.552300,
2026-08-30 17:30:00,0.526500,
2026-08-30 17:40:00,0.509000,
2026-08-30 17:50:00,0.478100,
2026-08-30 18:00:00,0.434000,
2026-08-30 18:10:00,0.296800,
2026-08-30 18:20:00,0.265800,
2026-08-30 18:30:00,0.301100,
2026-08-30 18:40:00,0.349600,
2026-08-30 18:50:00,0.193600,92508.570835
2026-08-30 19:00:00,0.156700,10103.874518
2026-08-30 19:10:00,0.385900,2291.163731
2026-08-30 19:20:00,0.304700,4870.304622
2026-08-30 19:30:00,0.571800,98.043716
2026-08-30 19:40:00,,39.093232
2026-08-30 19:50:00,,39.421936
2026-08-30 20:00:00,,37.994017
2026-08-30 20:10:00,,37.382622
2026-08-30 20:20:00,,37.294693
2026-08-30 20:30:00,,37.382622
2026-08-30 20:40:00,,37.148603
2026-08-30 20:50:00,,37.148603
2026-08-30 21:00:00,,37.003086
2026-08-30 21:10:00,,37.003086
2026-08-30 21:20:00,,37.003086
2026-08-30 21:30:00,,36.781066
2026-08-30 21:40:00,,36.781066
2026-08-30 21:50:00,,37.003086
2026-08-30 22:00:00,,36.407637
2026-08-30 22:10:00,,37.003086
2026-08-30 22:20:00,,37.003086
2026-08-30 22:30:00,,37.402190
2026-08-30 22:40:00,,37.041835
2026-08-30 22:50:00,,36.579515
2026-08-30 23:00:00,,36.512577
2026-08-30 23:10:00,,36.906391
2026-08-30 23:20:00,,36.531690
2026-08-30 23:30:00,,35.990882
2026-08-30 23:40:00,,36.151332
2026-08-30 23:50:00,,36.742590
2026-08-31 00:00:00,,36.170256
2026-08-31 00:10:00,,36.608240
2026-08-31 00:20:00,,36.761823
2026-08-31 00:30:00,,36.848496
2026-08-31 00:40:00,,36.151332
2026-08-31 00:50:00,,36.028571
2026-08-31 01:00:00,,36.483927
2026-08-31 01:10:00,,36.236566
2026-08-31 01:20:00,,36.179721
2026-08-31 01:30:00,,36.694551
2026-08-31 01:40:00,,36.848496
2026-08-31 01:50:00,,36.331506
2026-08-31 02:00:00,,36.761823
2026-08-31 02:10:00,,36.858139
2026-08-31 02:20:00,,36.331506
2026-08-31 02:30:00,,36.608240
2026-08-31 02:40:00,,37.012769
2026-08-31 02:50:00,,36.037999
2026-08-31 03:00:00,,36.474382
2026-08-31 03:10:00,,36.331506
2026-08-31 03:20:00,,36.198660
2026-08-31 03:30:00,,36.656166
2026-08-31 03:40:00,,36.493475
2026-08-31 03:50:00,,36.694551
2026-08-31 04:00:00,,36.945039
2026-08-31 04:10:00,,36.790691
2026-08-31 04:20:00,,36.781066
2026-08-31 04:30:00,,36.474382
2026-08-31 04:40:00,,36.704154
2026-08-31 04:50:00,,36.407637
2026-08-31 05:00:00,,36.790691
2026-08-31 05:10:00,,36.350524
2026-08-31 05:20:00,,36.858139
2026-08-31 05:30:00,,36.417164
2026-08-31 05:40:00,,36.579515
2026-08-31 05:50:00,,36.781066
2026-08-31 06:00:00,,36.493475
2026-08-31 06:10:00,,36.954707
2026-08-31 06:20:00,,36.790691
2026-08-31 06:30:00,,36.122966
2026-08-31 06:40:00,,36.732977
2026-08-31 06:50:00,,36.493475
2026-08-31 07:00:00,,36.781066
2026-08-31 07:10:00,,36.360036
2026-08-31 07:20:00,,36.483927
2026-08-31 07:30:00,,35.681450
2026-08-31 07:40:00,,36.132419
2026-08-31 07:50:00,,36.122966
2026-08-31 08:00:00,,36.284005
2026-08-31 08:10:00,,36.493475
2026-08-31 08:20:00,,36.522132
2026-08-31 08:30:00,,36.417164
2026-08-31 08:40:00,,36.122966
2026-08-31 08:50:00,,36.445762
2026-08-31 09:00:00,,36.579515
2026-08-31 09:10:00,,36.350524
2026-08-31 09:20:00,,36.522132
2026-08-31 09:30:00,,36.284005
2026-08-31 09:40:00,,36.122966
2026-08-31 09:50:00,,37.032144
2026-08-31 10:00:00,,36.417164
2026-08-31 10:10:00,,36.122966
2026-08-31 10:20:00,,35.962641
2026-08-31 10:30:00,,36.113515
2026-08-31 10:40:00,,36.867784
2026-08-31 10:50:00,,36.407637
2026-08-31 11:00:00,,36.819582
2026-08-31 11:10:00,,36.122966
2026-08-31 11:20:00,,36.113515
2026-08-31 11:30:00,,36.417164
2026-08-31 11:40:00,,36.781066
2026-08-31 11:50:00,,36.636988
2026-08-31 12:00:00,,36.407637
2026-08-31 12:10:00,,36.790691
2026-08-31 12:20:00,,36.781066
2026-08-31 12:30:00,,36.790691
2026-08-31 12:40:00,,36.656166
2026-08-31 12:50:00,,37.187504
2026-08-31 13:00:00,,36.781066
2026-08-31 13:10:00,,36.122966
2026-08-31 13:20:00,,36.569945
2026-08-31 13:30:00,,36.407637
2026-08-31 13:40:00,,36.781066
2026-08-31 13:50:00,,36.781066
2026-08-31 14:00:00,,37.003086
2026-08-31 14:10:00,,36.858139
2026-08-31 14:20:00,,37.177775
2026-08-31 14:30:00,,36.781066
2026-08-31 14:40:00,,36.781066
2026-08-31 14:50:00,,36.781066
2026-08-31 15:00:00,,36.848496
2026-08-31 15:10:00,,36.388589
2026-08-31 15:20:00,,37.323980
2026-08-31 15:30:00,,36.790691
2026-08-31 15:40:00,,37.168049
2026-08-31 15:50:00,,36.246049
2026-08-31 16:00:00,,36.781066
2026-08-31 16:10:00,,36.388589
2026-08-31 16:20:00,,36.790691
2026-08-31 16:30:00,,36.983727
2026-08-31 16:40:00,,36.983727
2026-08-31 16:50:00,,37.003086
2026-08-31 17:00:00,,37.080624
2026-08-31 17:10:00,,36.983727
2026-08-31 17:20:00,,36.993405
2026-08-31 17:30:00,,36.983727
2026-08-31 17:40:00,,37.070923
2026-08-31 17:50:00,,36.983727
2026-08-31 18:00:00,,36.916049
2026-08-31 18:10:00,,37.003086
2026-08-31 18:20:00,,36.761823
2026-08-31 18:30:00,,37.061224
2026-08-31 18:40:00,,36.916049
2026-08-31 18:50:00,,36.761823
2026-08-31 19:00:00,,37.070923
2026-08-31 19:10:00,,36.983727
2026-08-31 19:20:00,,36.742590
2026-08-31 19:30:00,,36.916049
2026-08-31 19:40:00,,36.983727
2026-08-31 19:50:00,,36.848496
2026-08-31 20:00:00,,36.732977
2026-08-31 20:10:00,,36.598663
2026-08-31 20:20:00,,36.974051
2026-08-31 20:30:00,,36.829217
2026-08-31 20:40:00,,36.732977
2026-08-31 20:50:00,,36.732977
2026-08-31 21:00:00,,37.119454
2026-08-31 21:10:00,,36.732977
2026-08-31 21:20:00,,36.819582
2026-08-31 21:30:00,,36.512577
2026-08-31 21:40:00,,36.732977
2026-08-31 21:50:00,,36.742590
2026-08-31 22:00:00,,36.829217
2026-08-31 22:10:00,,36.569945
2026-08-31 22:20:00,,37.119454
2026-08-31 22:30:00,,36.646576
2026-08-31 22:40:00,,37.265429
2026-08-31 22:50:00,,36.974051
2026-08-31 23:00:00,,36.732977
2026-08-31 23:10:00,,37.421768
2026-08-31 23:20:00,,36.877432
2026-08-31 23:30:00,,37.598434
2026-08-31 23:40:00,,37.490373
2026-08-31 23:50:00,,37.795708
